County_Code,Deaths,Population,State,County_nm
01001,-1,54571,AL,Autauga
01003,26,182265,AL,Baldwin
01005,-1,27457,AL,Barbour
01007,-1,22915,AL,Bibb
01009,10,57322,AL,Blount
01011,-1,10914,AL,Bullock
01013,-1,20947,AL,Butler
01015,21,118572,AL,Calhoun
01017,-1,34215,AL,Chambers
01019,-1,25989,AL,Cherokee
01021,11,43643,AL,Chilton
01023,-1,13859,AL,Choctaw
01025,-1,25833,AL,Clarke
01027,-1,13932,AL,Clay
01029,-1,14972,AL,Cleburne
01031,-1,49948,AL,Coffee
01033,-1,54428,AL,Colbert
01035,-1,13228,AL,Conecuh
01037,-1,11539,AL,Coosa
01039,-1,37765,AL,Covington
01041,-1,13906,AL,Crenshaw
01043,-1,80406,AL,Cullman
01045,-1,50251,AL,Dale
01047,-1,43820,AL,Dallas
01049,-1,71109,AL,DeKalb
01051,-1,79303,AL,Elmore
01053,10,38319,AL,Escambia
01055,12,104430,AL,Etowah
01057,-1,17241,AL,Fayette
01059,-1,31704,AL,Franklin
01061,-1,26790,AL,Geneva
01063,-1,9045,AL,Greene
01065,-1,15760,AL,Hale
01067,-1,17302,AL,Henry
01069,13,101547,AL,Houston
01071,-1,53227,AL,Jackson
01073,60,658466,AL,Jefferson
01075,-1,14564,AL,Lamar
01077,11,92709,AL,Lauderdale
01079,-1,34339,AL,Lawrence
01081,-1,140247,AL,Lee
01083,14,82782,AL,Limestone
01085,-1,11299,AL,Lowndes
01087,-1,21452,AL,Macon
01089,35,334811,AL,Madison
01091,-1,21027,AL,Marengo
01093,-1,30776,AL,Marion
01095,-1,93019,AL,Marshall
01097,45,412992,AL,Mobile
01099,-1,23068,AL,Monroe
01101,18,229363,AL,Montgomery
01103,18,119490,AL,Morgan
01105,-1,10591,AL,Perry
01107,-1,19746,AL,Pickens
01109,-1,32899,AL,Pike
01111,-1,22913,AL,Randolph
01113,-1,52947,AL,Russell
01115,15,83593,AL,St. Clair
01117,26,195085,AL,Shelby
01119,-1,13763,AL,Sumter
01121,-1,82291,AL,Talladega
01123,-1,41616,AL,Tallapoosa
01125,27,194656,AL,Tuscaloosa
01127,34,67023,AL,Walker
01129,-1,17581,AL,Washington
01131,-1,11670,AL,Wilcox
01133,-1,24484,AL,Winston
02013,-1,3141,AK,Aleutians East 
02016,-1,5561,AK,Aleutians West Cens
02020,38,291826,AK,Anchorage 
02050,-1,17013,AK,Bethel Cens
02060,-1,997,AK,Bristol Bay 
02068,-1,1826,AK,Denali 
02070,-1,4847,AK,Dillingham Cens
02090,10,97581,AK,Fairbanks North Star 
02100,-1,2508,AK,Haines 
02105,Missing,Missing,AK,Hoonah-Angoon Cens
02110,-1,31275,AK,Juneau 
02122,-1,55400,AK,Kenai Peninsula 
02130,-1,13477,AK,Ketchikan Gateway 
02150,-1,13592,AK,Kodiak Island 
02164,-1,1631,AK,Lake and Peninsula 
02170,10,88995,AK,Matanuska-Susitna 
02180,-1,9492,AK,Nome Cens
02185,-1,9430,AK,North Slope 
02188,-1,7523,AK,Northwest Arctic 
02195,Missing,Missing,AK,Petersburg Borough/Cens
02198,Missing,Missing,AK,Prince of Wales-Hyder Cens
02201,-1,5559,AK,Prince of Wales-Outer Ketchikan Cens
02220,-1,8881,AK,Sitka 
02230,Missing,Missing,AK,Skagway Munic
02232,-1,3118,AK,Skagway-Hoonah-Angoon Cens
02240,-1,7029,AK,Southeast Fairbanks Cens
02261,-1,9636,AK,Valdez-Cordova Cens
02270,-1,7459,AK,Wade Hampton Cens
02275,Missing,Missing,AK,Wrangell City and 
02280,-1,6184,AK,Wrangell-Petersburg Cens
02282,-1,662,AK,Yakutat 
02290,-1,5588,AK,Yukon-Koyukuk Cens
04001,-1,71518,AZ,Apache
04003,24,131346,AZ,Cochise
04005,18,134421,AZ,Coconino
04007,10,53597,AZ,Gila
04009,-1,37220,AZ,Graham
04011,-1,8437,AZ,Greenlee
04012,-1,20489,AZ,La Paz
04013,610,3817117,AZ,Maricopa
04015,68,200186,AZ,Mohave
04017,19,107449,AZ,Navajo
04019,205,980263,AZ,Pima
04021,51,375770,AZ,Pinal
04023,-1,47420,AZ,Santa Cruz
04025,46,211033,AZ,Yavapai
04027,23,195751,AZ,Yuma
05001,-1,19019,AR,Arkansas
05003,-1,21853,AR,Ashley
05005,-1,41513,AR,Baxter
05007,31,221339,AR,Benton
05009,-1,36903,AR,Boone
05011,-1,11508,AR,Bradley
05013,-1,5368,AR,Calhoun
05015,-1,27446,AR,Carroll
05017,-1,11800,AR,Chicot
05019,-1,22995,AR,Clark
05021,-1,16083,AR,Clay
05023,-1,25970,AR,Cleburne
05025,-1,8689,AR,Cleveland
05027,-1,24552,AR,Columbia
05029,-1,21273,AR,Conway
05031,13,96443,AR,Craighead
05033,13,61948,AR,Crawford
05035,-1,50902,AR,Crittenden
05037,-1,17870,AR,Cross
05039,-1,8116,AR,Dallas
05041,-1,13008,AR,Desha
05043,-1,18509,AR,Drew
05045,16,113237,AR,Faulkner
05047,-1,18125,AR,Franklin
05049,-1,12245,AR,Fulton
05051,28,96024,AR,Garland
05053,-1,17853,AR,Grant
05055,-1,42090,AR,Greene
05057,-1,22609,AR,Hempstead
05059,-1,32923,AR,Hot Spring
05061,-1,13789,AR,Howard
05063,-1,36647,AR,Independence
05065,-1,13696,AR,Izard
05067,-1,17997,AR,Jackson
05069,-1,77435,AR,Jefferson
05071,-1,25540,AR,Johnson
05073,-1,7645,AR,Lafayette
05075,-1,17415,AR,Lawrence
05077,-1,10424,AR,Lee
05079,-1,14134,AR,Lincoln
05081,-1,13171,AR,Little River
05083,-1,22353,AR,Logan
05085,16,68356,AR,Lonoke
05087,-1,15717,AR,Madison
05089,-1,16653,AR,Marion
05091,-1,43462,AR,Miller
05093,-1,46480,AR,Mississippi
05095,-1,8149,AR,Monroe
05097,-1,9487,AR,Montgomery
05099,-1,8997,AR,Nevada
05101,-1,8330,AR,Newton
05103,-1,26120,AR,Ouachita
05105,-1,10445,AR,Perry
05107,-1,21757,AR,Phillips
05109,-1,11291,AR,Pike
05111,-1,24583,AR,Poinsett
05113,-1,20662,AR,Polk
05115,10,61754,AR,Pope
05117,-1,8715,AR,Prairie
05119,55,382748,AR,Pulaski
05121,-1,17969,AR,Randolph
05123,-1,28258,AR,St. Francis
05125,-1,107118,AR,Saline
05127,-1,11233,AR,Scott
05129,-1,8195,AR,Searcy
05131,14,125744,AR,Sebastian
05133,-1,17058,AR,Sevier
05135,-1,17264,AR,Sharp
05137,-1,12394,AR,Stone
05139,-1,41639,AR,Union
05141,-1,17295,AR,Van Buren
05143,14,203065,AR,Washington
05145,-1,77076,AR,White
05147,-1,7260,AR,Woodruff
05149,-1,22185,AR,Yell
06001,132,1510271,CA,Alameda
06003,-1,1175,CA,Alpine
06005,11,38091,CA,Amador
06007,85,220000,CA,Butte
06009,12,45578,CA,Calaveras
06011,-1,21419,CA,Colusa
06013,94,1049025,CA,Contra Costa
06015,-1,28610,CA,Del Norte
06017,43,181058,CA,El Dorado
06019,104,930450,CA,Fresno
06021,-1,28122,CA,Glenn
06023,48,134623,CA,Humboldt
06025,10,174528,CA,Imperial
06027,-1,18546,CA,Inyo
06029,140,839631,CA,Kern
06031,14,152982,CA,Kings
06033,36,64665,CA,Lake
06035,12,34895,CA,Lassen
06037,701,9818605,CA,Los Angeles
06039,20,150865,CA,Madera
06041,35,252409,CA,Marin
06043,-1,18251,CA,Mariposa
06045,19,87841,CA,Mendocino
06047,29,255793,CA,Merced
06049,-1,9686,CA,Modoc
06051,-1,14202,CA,Mono
06053,43,415057,CA,Monterey
06055,17,136484,CA,Napa
06057,14,98764,CA,Nevada
06059,313,3010232,CA,Orange
06061,27,348432,CA,Placer
06063,-1,20007,CA,Plumas
06065,255,2189641,CA,Riverside
06067,216,1418788,CA,Sacramento
06069,-1,55269,CA,San Benito
06071,134,2035210,CA,San Bernardino
06073,368,3095313,CA,San Diego
06075,170,805235,CA,San Francisco
06077,129,685306,CA,San Joaquin
06079,40,269637,CA,San Luis Obispo
06081,55,718451,CA,San Mateo
06083,49,423895,CA,Santa Barbara
06085,133,1781642,CA,Santa Clara
06087,47,262382,CA,Santa Cruz
06089,49,177223,CA,Shasta
06091,-1,3240,CA,Sierra
06093,13,44900,CA,Siskiyou
06095,52,413344,CA,Solano
06097,83,483878,CA,Sonoma
06099,90,514453,CA,Stanislaus
06101,18,94737,CA,Sutter
06103,-1,63463,CA,Tehama
06105,-1,13786,CA,Trinity
06107,26,442179,CA,Tulare
06109,18,55365,CA,Tuolumne
06111,96,823318,CA,Ventura
06113,15,200849,CA,Yolo
06115,-1,72155,CA,Yuba
08001,66,441603,CO,Adams
08003,-1,15445,CO,Alamosa
08005,82,572003,CO,Arapahoe
08007,-1,12084,CO,Archuleta
08009,-1,3788,CO,Baca
08011,-1,6499,CO,Bent
08013,23,294567,CO,Boulder
08014,-1,55889,CO,Broomfield
08015,-1,17809,CO,Chaffee
08017,-1,1836,CO,Cheyenne
08019,-1,9088,CO,Clear Creek
08021,-1,8256,CO,Conejos
08023,-1,3524,CO,Costilla
08025,-1,5823,CO,Crowley
08027,-1,4255,CO,Custer
08029,-1,30952,CO,Delta
08031,128,600158,CO,Denver
08033,-1,2064,CO,Dolores
08035,23,285465,CO,Douglas
08037,-1,52197,CO,Eagle
08039,-1,23086,CO,Elbert
08041,79,622263,CO,El Paso
08043,-1,46824,CO,Fremont
08045,-1,56389,CO,Garfield
08047,-1,5441,CO,Gilpin
08049,-1,14843,CO,Grand
08051,-1,15324,CO,Gunnison
08053,-1,843,CO,Hinsdale
08055,-1,6711,CO,Huerfano
08057,-1,1394,CO,Jackson
08059,57,534543,CO,Jefferson
08061,-1,1398,CO,Kiowa
08063,-1,8270,CO,Kit Carson
08065,-1,7310,CO,Lake
08067,-1,51334,CO,La Plata
08069,40,299630,CO,Larimer
08071,-1,15507,CO,Las Animas
08073,-1,5467,CO,Lincoln
08075,-1,22709,CO,Logan
08077,22,146723,CO,Mesa
08079,-1,712,CO,Mineral
08081,-1,13795,CO,Moffat
08083,-1,25535,CO,Montezuma
08085,-1,41276,CO,Montrose
08087,-1,28159,CO,Morgan
08089,-1,18831,CO,Otero
08091,-1,4436,CO,Ouray
08093,-1,16206,CO,Park
08095,-1,4442,CO,Phillips
08097,-1,17148,CO,Pitkin
08099,-1,12551,CO,Prowers
08101,23,159063,CO,Pueblo
08103,-1,6666,CO,Rio Blanco
08105,-1,11982,CO,Rio Grande
08107,-1,23509,CO,Routt
08109,-1,6108,CO,Saguache
08111,-1,699,CO,San Juan
08113,-1,7359,CO,San Miguel
08115,-1,2379,CO,Sedgwick
08117,-1,27994,CO,Summit
08119,-1,23350,CO,Teller
08121,-1,4814,CO,Washington
08123,28,252825,CO,Weld
08125,-1,10043,CO,Yuma
09001,61,916829,CT,Fairfield
09003,84,894014,CT,Hartford
09005,21,189927,CT,Litchfield
09007,26,165676,CT,Middlesex
09009,116,862477,CT,New Haven
09011,31,274055,CT,New London
09013,-1,152691,CT,Tolland
09015,18,118428,CT,Windham
10001,27,162310,DE,Kent
10003,84,538479,DE,New Castle
10005,34,197145,DE,Sussex
11001,78,601723,DC,District of C
12001,25,247336,FL,Alachua
12003,-1,27115,FL,Baker
12005,27,168852,FL,Bay
12007,-1,28520,FL,Bradford
12009,137,543376,FL,Brevard
12011,262,1748066,FL,Broward
12013,-1,14625,FL,Calhoun
12015,11,159978,FL,Charlotte
12017,34,141236,FL,Citrus
12019,26,190865,FL,Clay
12021,45,321520,FL,Collier
12023,18,67531,FL,Columbia
12027,-1,34862,FL,DeSoto
12029,-1,16422,FL,Dixie
12031,149,864263,FL,Duval
12033,34,297619,FL,Escambia
12035,13,95696,FL,Flagler
12037,-1,11549,FL,Franklin
12039,-1,46389,FL,Gadsden
12041,-1,16939,FL,Gilchrist
12043,-1,12884,FL,Glades
12045,-1,15863,FL,Gulf
12047,-1,14799,FL,Hamilton
12049,-1,27731,FL,Hardee
12051,-1,39140,FL,Hendry
12053,57,172778,FL,Hernando
12055,13,98786,FL,Highlands
12057,264,1229226,FL,Hillsborough
12059,-1,19927,FL,Holmes
12061,22,138028,FL,Indian River
12063,-1,49746,FL,Jackson
12065,-1,14761,FL,Jefferson
12067,-1,8870,FL,Lafayette
12069,39,297052,FL,Lake
12071,107,618754,FL,Lee
12073,13,275487,FL,Leon
12075,11,40801,FL,Levy
12077,-1,8365,FL,Liberty
12079,-1,19224,FL,Madison
12081,78,322833,FL,Manatee
12083,59,331298,FL,Marion
12085,22,146318,FL,Martin
12086,98,2496435,FL,Miami-Dade
12087,18,73090,FL,Monroe
12089,16,73314,FL,Nassau
12091,19,180822,FL,Okaloosa
12093,-1,39996,FL,Okeechobee
12095,156,1145956,FL,Orange
12097,27,268685,FL,Osceola
12099,238,1320134,FL,Palm Beach
12101,177,464697,FL,Pasco
12103,284,916542,FL,Pinellas
12105,95,602095,FL,Polk
12107,23,74364,FL,Putnam
12109,22,190039,FL,St. Johns
12111,54,277789,FL,St. Lucie
12113,23,151372,FL,Santa Rosa
12115,83,379448,FL,Sarasota
12117,71,422718,FL,Seminole
12119,-1,93420,FL,Sumter
12121,-1,41551,FL,Suwannee
12123,-1,22570,FL,Taylor
12125,-1,15535,FL,Union
12127,112,494593,FL,Volusia
12129,-1,30776,FL,Wakulla
12131,-1,55043,FL,Walton
12133,-1,24896,FL,Washington
13001,-1,18236,GA,Appling
13003,-1,8375,GA,Atkinson
13005,-1,11096,GA,Bacon
13007,-1,3451,GA,Baker
13009,-1,45720,GA,Baldwin
13011,-1,18395,GA,Banks
13013,13,69367,GA,Barrow
13015,22,100157,GA,Bartow
13017,-1,17634,GA,Ben Hill
13019,-1,19286,GA,Berrien
13021,14,155547,GA,Bibb
13023,-1,13063,GA,Bleckley
13025,-1,18411,GA,Brantley
13027,-1,16243,GA,Brooks
13029,-1,30233,GA,Bryan
13031,-1,70217,GA,Bulloch
13033,-1,23316,GA,Burke
13035,-1,23655,GA,Butts
13037,-1,6694,GA,Calhoun
13039,-1,50513,GA,Camden
13043,-1,10998,GA,Candler
13045,19,110527,GA,Carroll
13047,13,63942,GA,Catoosa
13049,-1,12171,GA,Charlton
13051,26,265128,GA,Chatham
13053,-1,11267,GA,Chattahoochee
13055,-1,26015,GA,Chattooga
13057,26,214346,GA,Cherokee
13059,-1,116714,GA,Clarke
13061,-1,3183,GA,Clay
13063,20,259424,GA,Clayton
13065,-1,6798,GA,Clinch
13067,60,688078,GA,Cobb
13069,-1,42356,GA,Coffee
13071,-1,45498,GA,Colquitt
13073,15,124053,GA,Columbia
13075,-1,17212,GA,Cook
13077,-1,127317,GA,Coweta
13079,-1,12630,GA,Crawford
13081,-1,23439,GA,Crisp
13083,-1,16633,GA,Dade
13085,-1,22330,GA,Dawson
13087,-1,27842,GA,Decatur
13089,43,691893,GA,DeKalb
13091,-1,21796,GA,Dodge
13093,-1,14918,GA,Dooly
13095,-1,94565,GA,Dougherty
13097,15,132403,GA,Douglas
13099,-1,11008,GA,Early
13101,-1,4034,GA,Echols
13103,-1,52250,GA,Effingham
13105,-1,20166,GA,Elbert
13107,-1,22598,GA,Emanuel
13109,-1,11000,GA,Evans
13111,11,23682,GA,Fannin
13113,-1,106567,GA,Fayette
13115,21,96317,GA,Floyd
13117,16,175511,GA,Forsyth
13119,-1,22084,GA,Franklin
13121,110,920581,GA,Fulton
13123,-1,28292,GA,Gilmer
13125,-1,3082,GA,Glascock
13127,-1,79626,GA,Glynn
13129,-1,55186,GA,Gordon
13131,-1,25011,GA,Grady
13133,-1,15994,GA,Greene
13135,60,805321,GA,Gwinnett
13137,10,43041,GA,Habersham
13139,24,179684,GA,Hall
13141,-1,9429,GA,Hancock
13143,14,28780,GA,Haralson
13145,-1,32024,GA,Harris
13147,-1,25213,GA,Hart
13149,-1,11834,GA,Heard
13151,28,203922,GA,Henry
13153,16,139900,GA,Houston
13155,-1,9538,GA,Irwin
13157,12,60485,GA,Jackson
13159,-1,13900,GA,Jasper
13161,-1,15068,GA,Jeff Davis
13163,-1,16930,GA,Jefferson
13165,-1,8340,GA,Jenkins
13167,-1,9980,GA,Johnson
13169,-1,28669,GA,Jones
13171,-1,18317,GA,Lamar
13173,-1,10078,GA,Lanier
13175,-1,48434,GA,Laurens
13177,-1,28298,GA,Lee
13179,-1,63453,GA,Liberty
13181,-1,7996,GA,Lincoln
13183,-1,14464,GA,Long
13185,-1,109233,GA,Lowndes
13187,-1,29966,GA,Lumpkin
13189,-1,21875,GA,McDuffie
13191,-1,14333,GA,McIntosh
13193,-1,14740,GA,Macon
13195,-1,28120,GA,Madison
13197,-1,8742,GA,Marion
13199,-1,21992,GA,Meriwether
13201,-1,6125,GA,Miller
13205,-1,23498,GA,Mitchell
13207,-1,26424,GA,Monroe
13209,-1,9123,GA,Montgomery
13211,-1,17868,GA,Morgan
13213,10,39628,GA,Murray
13215,27,189885,GA,Muscogee
13217,-1,99958,GA,Newton
13219,-1,32808,GA,Oconee
13221,-1,14899,GA,Oglethorpe
13223,35,142324,GA,Paulding
13225,-1,27695,GA,Peach
13227,-1,29431,GA,Pickens
13229,-1,18758,GA,Pierce
13231,-1,17869,GA,Pike
13233,11,41475,GA,Polk
13235,-1,12010,GA,Pulaski
13237,-1,21218,GA,Putnam
13239,-1,2513,GA,Quitman
13241,-1,16276,GA,Rabun
13243,-1,7719,GA,Randolph
13245,39,200549,GA,Richmond
13247,-1,85215,GA,Rockdale
13249,-1,5010,GA,Schley
13251,-1,14593,GA,Screven
13253,-1,8729,GA,Seminole
13255,-1,64073,GA,Spalding
13257,-1,26175,GA,Stephens
13259,-1,6058,GA,Stewart
13261,-1,32819,GA,Sumter
13263,-1,6865,GA,Talbot
13265,-1,1717,GA,Taliaferro
13267,-1,25520,GA,Tattnall
13269,-1,8906,GA,Taylor
13271,-1,16500,GA,Telfair
13273,-1,9315,GA,Terrell
13275,-1,44720,GA,Thomas
13277,-1,40118,GA,Tift
13279,-1,27223,GA,Toombs
13281,-1,10471,GA,Towns
13283,-1,6885,GA,Treutlen
13285,-1,67044,GA,Troup
13287,-1,8930,GA,Turner
13289,-1,9023,GA,Twiggs
13291,-1,21356,GA,Union
13293,-1,27153,GA,Upson
13295,10,68756,GA,Walker
13297,11,83768,GA,Walton
13299,-1,36312,GA,Ware
13301,-1,5834,GA,Warren
13303,-1,21187,GA,Washington
13305,-1,30099,GA,Wayne
13307,-1,2799,GA,Webster
13309,-1,7421,GA,Wheeler
13311,-1,27144,GA,White
13313,14,102599,GA,Whitfield
13315,-1,9255,GA,Wilcox
13317,-1,10593,GA,Wilkes
13319,-1,9563,GA,Wilkinson
13321,-1,21679,GA,Worth
15001,19,185079,HI,Hawaii
15003,108,953207,HI,Honolulu
15005,-1,90,HI,Kalawao
15007,-1,67091,HI,Kauai
15009,20,154834,HI,Maui
16001,47,392365,ID,Ada
16003,-1,3976,ID,Adams
16005,13,82839,ID,Bannock
16007,-1,5986,ID,Bear Lake
16009,-1,9285,ID,Benewah
16011,-1,45607,ID,Bingham
16013,-1,21376,ID,Blaine
16015,-1,7028,ID,Boise
16017,-1,40877,ID,Bonner
16019,19,104234,ID,Bonneville
16021,-1,10972,ID,Boundary
16023,-1,2891,ID,Butte
16025,-1,1117,ID,Camas
16027,20,188923,ID,Canyon
16029,-1,6963,ID,Caribou
16031,-1,22952,ID,Cassia
16033,-1,982,ID,Clark
16035,-1,8761,ID,Clearwater
16037,-1,4368,ID,Custer
16039,-1,27038,ID,Elmore
16041,-1,12786,ID,Franklin
16043,-1,13242,ID,Fremont
16045,-1,16719,ID,Gem
16047,-1,15464,ID,Gooding
16049,-1,16267,ID,Idaho
16051,-1,26140,ID,Jefferson
16053,-1,22374,ID,Jerome
16055,13,138494,ID,Kootenai
16057,-1,37244,ID,Latah
16059,-1,7936,ID,Lemhi
16061,-1,3821,ID,Lewis
16063,-1,5208,ID,Lincoln
16065,-1,37536,ID,Madison
16067,-1,20069,ID,Minidoka
16069,-1,39265,ID,Nez Perce
16071,-1,4286,ID,Oneida
16073,-1,11526,ID,Owyhee
16075,-1,22623,ID,Payette
16077,-1,7817,ID,Power
16079,-1,12765,ID,Shoshone
16081,-1,10170,ID,Teton
16083,15,77230,ID,Twin Falls
16085,-1,9862,ID,Valley
16087,-1,10198,ID,Washington
17001,-1,67103,IL,Adams
17003,-1,8238,IL,Alexander
17005,-1,17768,IL,Bond
17007,-1,54165,IL,Boone
17009,-1,6937,IL,Brown
17011,-1,34978,IL,Bureau
17013,-1,5089,IL,Calhoun
17015,-1,15387,IL,Carroll
17017,-1,13642,IL,Cass
17019,14,201081,IL,Champaign
17021,-1,34800,IL,Christian
17023,-1,16335,IL,Clark
17025,-1,13815,IL,Clay
17027,-1,37762,IL,Clinton
17029,-1,53873,IL,Coles
17031,488,5194675,IL,Cook
17033,-1,19817,IL,Crawford
17035,-1,11048,IL,Cumberland
17037,-1,105160,IL,DeKalb
17039,-1,16561,IL,De Witt
17041,-1,19980,IL,Douglas
17043,75,916924,IL,DuPage
17045,-1,18576,IL,Edgar
17047,-1,6721,IL,Edwards
17049,-1,34242,IL,Effingham
17051,-1,22140,IL,Fayette
17053,-1,14081,IL,Ford
17055,10,39561,IL,Franklin
17057,-1,37069,IL,Fulton
17059,-1,5589,IL,Gallatin
17061,-1,13886,IL,Greene
17063,-1,50063,IL,Grundy
17065,-1,8457,IL,Hamilton
17067,-1,19104,IL,Hancock
17069,-1,4320,IL,Hardin
17071,-1,7331,IL,Henderson
17073,-1,50486,IL,Henry
17075,-1,29718,IL,Iroquois
17077,-1,60218,IL,Jackson
17079,-1,9698,IL,Jasper
17081,-1,38827,IL,Jefferson
17083,-1,22985,IL,Jersey
17085,-1,22678,IL,Jo Daviess
17087,-1,12582,IL,Johnson
17089,32,515269,IL,Kane
17091,13,113449,IL,Kankakee
17093,-1,114736,IL,Kendall
17095,-1,52919,IL,Knox
17097,95,703462,IL,Lake
17099,29,113924,IL,LaSalle
17101,-1,16833,IL,Lawrence
17103,-1,36031,IL,Lee
17105,-1,38950,IL,Livingston
17107,-1,30305,IL,Logan
17109,-1,32612,IL,McDonough
17111,40,308760,IL,McHenry
17113,20,169572,IL,McLean
17115,-1,110768,IL,Macon
17117,-1,47765,IL,Macoupin
17119,63,269282,IL,Madison
17121,14,39437,IL,Marion
17123,-1,12640,IL,Marshall
17125,-1,14666,IL,Mason
17127,-1,15429,IL,Massac
17129,-1,12705,IL,Menard
17131,-1,16434,IL,Mercer
17133,-1,32957,IL,Monroe
17135,-1,30104,IL,Montgomery
17137,-1,35547,IL,Morgan
17139,-1,14846,IL,Moultrie
17141,-1,53497,IL,Ogle
17143,21,186494,IL,Peoria
17145,-1,22350,IL,Perry
17147,-1,16729,IL,Piatt
17149,-1,16430,IL,Pike
17151,-1,4470,IL,Pope
17153,-1,6161,IL,Pulaski
17155,-1,6006,IL,Putnam
17157,-1,33476,IL,Randolph
17159,-1,16233,IL,Richland
17161,10,147546,IL,Rock Island
17163,28,270056,IL,St. Clair
17165,-1,24913,IL,Saline
17167,12,197465,IL,Sangamon
17169,-1,7544,IL,Schuyler
17171,-1,5355,IL,Scott
17173,-1,22363,IL,Shelby
17175,-1,5994,IL,Stark
17177,10,47711,IL,Stephenson
17179,14,135394,IL,Tazewell
17181,-1,17808,IL,Union
17183,12,81625,IL,Vermilion
17185,-1,11947,IL,Wabash
17187,-1,17707,IL,Warren
17189,-1,14716,IL,Washington
17191,-1,16760,IL,Wayne
17193,-1,14665,IL,White
17195,-1,58498,IL,Whiteside
17197,63,677560,IL,Will
17199,16,66357,IL,Williamson
17201,58,295266,IL,Winnebago
17203,-1,38664,IL,Woodford
18001,-1,34387,IN,Adams
18003,44,355329,IN,Allen
18005,15,76794,IN,Bartholomew
18007,-1,8854,IN,Benton
18009,-1,12766,IN,Blackford
18011,-1,56640,IN,Boone
18013,-1,15242,IN,Brown
18015,-1,20155,IN,Carroll
18017,-1,38966,IN,Cass
18019,20,110232,IN,Clark
18021,-1,26890,IN,Clay
18023,-1,33224,IN,Clinton
18025,-1,10713,IN,Crawford
18027,-1,31648,IN,Daviess
18029,11,50047,IN,Dearborn
18031,-1,25740,IN,Decatur
18033,-1,42223,IN,De Kalb
18035,13,117671,IN,Delaware
18037,-1,41889,IN,Dubois
18039,14,197559,IN,Elkhart
18041,-1,24277,IN,Fayette
18043,14,74578,IN,Floyd
18045,-1,17240,IN,Fountain
18047,-1,23087,IN,Franklin
18049,-1,20836,IN,Fulton
18051,-1,33503,IN,Gibson
18053,14,70061,IN,Grant
18055,10,33165,IN,Greene
18057,27,274569,IN,Hamilton
18059,10,70002,IN,Hancock
18061,-1,39364,IN,Harrison
18063,15,145448,IN,Hendricks
18065,15,49462,IN,Henry
18067,27,82752,IN,Howard
18069,-1,37124,IN,Huntington
18071,10,42376,IN,Jackson
18073,-1,33478,IN,Jasper
18075,-1,21253,IN,Jay
18077,-1,32428,IN,Jefferson
18079,-1,28525,IN,Jennings
18081,21,139654,IN,Johnson
18083,-1,38440,IN,Knox
18085,-1,77358,IN,Kosciusko
18087,-1,37128,IN,Lagrange
18089,18,496005,IN,Lake
18091,13,111467,IN,La Porte
18093,-1,46134,IN,Lawrence
18095,42,131636,IN,Madison
18097,151,903393,IN,Marion
18099,-1,47051,IN,Marshall
18101,-1,10334,IN,Martin
18103,-1,36903,IN,Miami
18105,25,137974,IN,Monroe
18107,-1,38124,IN,Montgomery
18109,16,68894,IN,Morgan
18111,-1,14244,IN,Newton
18113,-1,47536,IN,Noble
18115,-1,6128,IN,Ohio
18117,-1,19840,IN,Orange
18119,-1,21575,IN,Owen
18121,-1,17339,IN,Parke
18123,-1,19338,IN,Perry
18125,-1,12845,IN,Pike
18127,33,164343,IN,Porter
18129,-1,25910,IN,Posey
18131,-1,13402,IN,Pulaski
18133,-1,37963,IN,Putnam
18135,-1,26171,IN,Randolph
18137,-1,28818,IN,Ripley
18139,-1,17392,IN,Rush
18141,29,266931,IN,St. Joseph
18143,-1,24181,IN,Scott
18145,-1,44436,IN,Shelby
18147,-1,20952,IN,Spencer
18149,-1,23363,IN,Starke
18151,-1,34185,IN,Steuben
18153,-1,21475,IN,Sullivan
18155,-1,10613,IN,Switzerland
18157,12,172780,IN,Tippecanoe
18159,-1,15936,IN,Tipton
18161,-1,7516,IN,Union
18163,51,179703,IN,Vanderburgh
18165,-1,16212,IN,Vermillion
18167,18,107848,IN,Vigo
18169,10,32888,IN,Wabash
18171,-1,8508,IN,Warren
18173,-1,59689,IN,Warrick
18175,-1,28262,IN,Washington
18177,14,68917,IN,Wayne
18179,-1,27636,IN,Wells
18181,-1,24643,IN,White
18183,-1,33292,IN,Whitley
19001,-1,7682,IA,Adair
19003,-1,4029,IA,Adams
19005,-1,14330,IA,Allamakee
19007,-1,12887,IA,Appanoose
19009,-1,6119,IA,Audubon
19011,-1,26076,IA,Benton
19013,11,131090,IA,Black Hawk
19015,-1,26306,IA,Boone
19017,-1,24276,IA,Bremer
19019,-1,20958,IA,Buchanan
19021,-1,20260,IA,Buena Vista
19023,-1,14867,IA,Butler
19025,-1,9670,IA,Calhoun
19027,-1,20816,IA,Carroll
19029,-1,13956,IA,Cass
19031,-1,18499,IA,Cedar
19033,-1,44151,IA,Cerro Gordo
19035,-1,12072,IA,Cherokee
19037,-1,12439,IA,Chickasaw
19039,-1,9286,IA,Clarke
19041,-1,16667,IA,Clay
19043,-1,18129,IA,Clayton
19045,-1,49116,IA,Clinton
19047,-1,17096,IA,Crawford
19049,-1,66135,IA,Dallas
19051,-1,8753,IA,Davis
19053,-1,8457,IA,Decatur
19055,-1,17764,IA,Delaware
19057,-1,40325,IA,Des Moines
19059,-1,16667,IA,Dickinson
19061,-1,93653,IA,Dubuque
19063,-1,10302,IA,Emmet
19065,-1,20880,IA,Fayette
19067,-1,16303,IA,Floyd
19069,-1,10680,IA,Franklin
19071,-1,7441,IA,Fremont
19073,-1,9336,IA,Greene
19075,-1,12453,IA,Grundy
19077,-1,10954,IA,Guthrie
19079,-1,15673,IA,Hamilton
19081,-1,11341,IA,Hancock
19083,-1,17534,IA,Hardin
19085,-1,14928,IA,Harrison
19087,-1,20145,IA,Henry
19089,-1,9566,IA,Howard
19091,-1,9815,IA,Humboldt
19093,-1,7089,IA,Ida
19095,-1,16355,IA,Iowa
19097,-1,19848,IA,Jackson
19099,-1,36842,IA,Jasper
19101,-1,16843,IA,Jefferson
19103,-1,130882,IA,Johnson
19105,-1,20638,IA,Jones
19107,-1,10511,IA,Keokuk
19109,-1,15543,IA,Kossuth
19111,-1,35862,IA,Lee
19113,20,211226,IA,Linn
19115,-1,11387,IA,Louisa
19117,-1,8898,IA,Lucas
19119,-1,11581,IA,Lyon
19121,-1,15679,IA,Madison
19123,-1,22381,IA,Mahaska
19125,-1,33309,IA,Marion
19127,-1,40648,IA,Marshall
19129,-1,15059,IA,Mills
19131,-1,10776,IA,Mitchell
19133,-1,9243,IA,Monona
19135,-1,7970,IA,Monroe
19137,-1,10740,IA,Montgomery
19139,-1,42745,IA,Muscatine
19141,-1,14398,IA,O'Brien
19143,-1,6462,IA,Osceola
19145,-1,15932,IA,Page
19147,-1,9421,IA,Palo Alto
19149,-1,24986,IA,Plymouth
19151,-1,7310,IA,Pocahontas
19153,49,430640,IA,Polk
19155,-1,93158,IA,Pottawattamie
19157,-1,18914,IA,Poweshiek
19159,-1,5131,IA,Ringgold
19161,-1,10350,IA,Sac
19163,17,165224,IA,Scott
19165,-1,12167,IA,Shelby
19167,-1,33704,IA,Sioux
19169,-1,89542,IA,Story
19171,-1,17767,IA,Tama
19173,-1,6317,IA,Taylor
19175,-1,12534,IA,Union
19177,-1,7570,IA,Van Buren
19179,-1,35625,IA,Wapello
19181,-1,46225,IA,Warren
19183,-1,21704,IA,Washington
19185,-1,6403,IA,Wayne
19187,10,38013,IA,Webster
19189,-1,10866,IA,Winnebago
19191,-1,21056,IA,Winneshiek
19193,-1,102172,IA,Woodbury
19195,-1,7598,IA,Worth
19197,-1,13229,IA,Wright
20001,-1,13371,KS,Allen
20003,-1,8102,KS,Anderson
20005,-1,16924,KS,Atchison
20007,-1,4861,KS,Barber
20009,-1,27674,KS,Barton
20011,-1,15173,KS,Bourbon
20013,-1,9984,KS,Brown
20015,14,65880,KS,Butler
20017,-1,2790,KS,Chase
20019,-1,3669,KS,Chautauqua
20021,-1,21603,KS,Cherokee
20023,-1,2726,KS,Cheyenne
20025,-1,2215,KS,Clark
20027,-1,8535,KS,Clay
20029,-1,9533,KS,Cloud
20031,-1,8601,KS,Coffey
20033,-1,1891,KS,Comanche
20035,-1,36311,KS,Cowley
20037,-1,39134,KS,Crawford
20039,-1,2961,KS,Decatur
20041,-1,19754,KS,Dickinson
20043,-1,7945,KS,Doniphan
20045,10,110826,KS,Douglas
20047,-1,3037,KS,Edwards
20049,-1,2882,KS,Elk
20051,-1,28452,KS,Ellis
20053,-1,6497,KS,Ellsworth
20055,-1,36776,KS,Finney
20057,-1,33848,KS,Ford
20059,-1,25992,KS,Franklin
20061,-1,34362,KS,Geary
20063,-1,2695,KS,Gove
20065,-1,2597,KS,Graham
20067,-1,7829,KS,Grant
20069,-1,6006,KS,Gray
20071,-1,1247,KS,Greeley
20073,-1,6689,KS,Greenwood
20075,-1,2690,KS,Hamilton
20077,-1,6034,KS,Harper
20079,-1,34684,KS,Harvey
20081,-1,4256,KS,Haskell
20083,-1,1916,KS,Hodgeman
20085,-1,13462,KS,Jackson
20087,-1,19126,KS,Jefferson
20089,-1,3077,KS,Jewell
20091,38,544179,KS,Johnson
20093,-1,3977,KS,Kearny
20095,-1,7858,KS,Kingman
20097,-1,2553,KS,Kiowa
20099,-1,21607,KS,Labette
20101,-1,1750,KS,Lane
20103,-1,76227,KS,Leavenworth
20105,-1,3241,KS,Lincoln
20107,-1,9656,KS,Linn
20109,-1,2756,KS,Logan
20111,-1,33690,KS,Lyon
20113,-1,29180,KS,McPherson
20115,-1,12660,KS,Marion
20117,-1,10117,KS,Marshall
20119,-1,4575,KS,Meade
20121,-1,32787,KS,Miami
20123,-1,6373,KS,Mitchell
20125,-1,35471,KS,Montgomery
20127,-1,5923,KS,Morris
20129,-1,3233,KS,Morton
20131,-1,10178,KS,Nemaha
20133,-1,16512,KS,Neosho
20135,-1,3107,KS,Ness
20137,-1,5671,KS,Norton
20139,-1,16295,KS,Osage
20141,-1,3858,KS,Osborne
20143,-1,6091,KS,Ottawa
20145,-1,6973,KS,Pawnee
20147,-1,5642,KS,Phillips
20149,-1,21604,KS,Pottawatomie
20151,-1,9656,KS,Pratt
20153,-1,2519,KS,Rawlins
20155,-1,64511,KS,Reno
20157,-1,4980,KS,Republic
20159,-1,10083,KS,Rice
20161,-1,71115,KS,Riley
20163,-1,5181,KS,Rooks
20165,-1,3307,KS,Rush
20167,-1,6970,KS,Russell
20169,-1,55606,KS,Saline
20171,-1,4936,KS,Scott
20173,55,498365,KS,Sedgwick
20175,-1,22952,KS,Seward
20177,26,177934,KS,Shawnee
20179,-1,2556,KS,Sheridan
20181,-1,6010,KS,Sherman
20183,-1,3853,KS,Smith
20185,-1,4437,KS,Stafford
20187,-1,2235,KS,Stanton
20189,-1,5724,KS,Stevens
20191,-1,24132,KS,Sumner
20193,-1,7900,KS,Thomas
20195,-1,3001,KS,Trego
20197,-1,7053,KS,Wabaunsee
20199,-1,1485,KS,Wallace
20201,-1,5799,KS,Washington
20203,-1,2234,KS,Wichita
20205,-1,9409,KS,Wilson
20207,-1,3309,KS,Woodson
20209,23,157505,KS,Wyandotte
21001,-1,18656,KY,Adair
21003,-1,19956,KY,Allen
21005,-1,21421,KY,Anderson
21007,-1,8249,KY,Ballard
21009,-1,42173,KY,Barren
21011,-1,11591,KY,Bath
21013,26,28691,KY,Bell
21015,31,118811,KY,Boone
21017,-1,19985,KY,Bourbon
21019,22,49542,KY,Boyd
21021,-1,28432,KY,Boyle
21023,-1,8488,KY,Bracken
21025,12,13878,KY,Breathitt
21027,-1,20059,KY,Breckinridge
21029,11,74319,KY,Bullitt
21031,-1,12690,KY,Butler
21033,-1,12984,KY,Caldwell
21035,-1,37191,KY,Calloway
21037,28,90336,KY,Campbell
21039,-1,5104,KY,Carlisle
21041,-1,10811,KY,Carroll
21043,16,27720,KY,Carter
21045,-1,15955,KY,Casey
21047,-1,73955,KY,Christian
21049,10,35613,KY,Clark
21051,16,21730,KY,Clay
21053,-1,10272,KY,Clinton
21055,-1,9315,KY,Crittenden
21057,-1,6856,KY,Cumberland
21059,16,96656,KY,Daviess
21061,-1,12161,KY,Edmonson
21063,-1,7852,KY,Elliott
21065,-1,14672,KY,Estill
21067,54,295803,KY,Fayette
21069,-1,14348,KY,Fleming
21071,39,39451,KY,Floyd
21073,-1,49285,KY,Franklin
21075,-1,6813,KY,Fulton
21077,-1,8589,KY,Gallatin
21079,-1,16912,KY,Garrard
21081,-1,24662,KY,Grant
21083,-1,37121,KY,Graves
21085,-1,25746,KY,Grayson
21087,-1,11258,KY,Green
21089,13,36910,KY,Greenup
21091,-1,8565,KY,Hancock
21093,17,105543,KY,Hardin
21095,14,29278,KY,Harlan
21097,-1,18846,KY,Harrison
21099,-1,18199,KY,Hart
21101,-1,46250,KY,Henderson
21103,-1,15416,KY,Henry
21105,-1,4902,KY,Hickman
21107,-1,46920,KY,Hopkins
21109,-1,13494,KY,Jackson
21111,113,741096,KY,Jefferson
21113,-1,48586,KY,Jessamine
21115,21,23356,KY,Johnson
21117,67,159720,KY,Kenton
21119,11,16346,KY,Knott
21121,10,31883,KY,Knox
21123,-1,14193,KY,Larue
21125,12,58849,KY,Laurel
21127,-1,15860,KY,Lawrence
21129,-1,7887,KY,Lee
21131,-1,11310,KY,Leslie
21133,16,24519,KY,Letcher
21135,-1,13870,KY,Lewis
21137,-1,24742,KY,Lincoln
21139,-1,9519,KY,Livingston
21141,-1,26835,KY,Logan
21143,-1,8314,KY,Lyon
21145,13,65565,KY,McCracken
21147,-1,18306,KY,McCreary
21149,-1,9531,KY,McLean
21151,22,82916,KY,Madison
21153,-1,13333,KY,Magoffin
21155,-1,19820,KY,Marion
21157,-1,31448,KY,Marshall
21159,-1,12929,KY,Martin
21161,-1,17490,KY,Mason
21163,-1,28602,KY,Meade
21165,-1,6306,KY,Menifee
21167,-1,21331,KY,Mercer
21169,-1,10099,KY,Metcalfe
21171,-1,10963,KY,Monroe
21173,-1,26499,KY,Montgomery
21175,-1,13923,KY,Morgan
21177,-1,31499,KY,Muhlenberg
21179,-1,43437,KY,Nelson
21181,-1,7135,KY,Nicholas
21183,-1,23842,KY,Ohio
21185,-1,60316,KY,Oldham
21187,-1,10841,KY,Owen
21189,-1,4755,KY,Owsley
21191,-1,14877,KY,Pendleton
21193,-1,28712,KY,Perry
21195,36,65024,KY,Pike
21197,16,12613,KY,Powell
21199,-1,63063,KY,Pulaski
21201,-1,2282,KY,Robertson
21203,-1,17056,KY,Rockcastle
21205,-1,23333,KY,Rowan
21207,-1,17565,KY,Russell
21209,-1,47173,KY,Scott
21211,-1,42074,KY,Shelby
21213,-1,17327,KY,Simpson
21215,-1,17061,KY,Spencer
21217,-1,24512,KY,Taylor
21219,-1,12460,KY,Todd
21221,-1,14339,KY,Trigg
21223,-1,8809,KY,Trimble
21225,-1,15007,KY,Union
21227,11,113792,KY,Warren
21229,-1,11717,KY,Washington
21231,-1,20813,KY,Wayne
21233,-1,13621,KY,Webster
21235,19,35637,KY,Whitley
21237,-1,7355,KY,Wolfe
21239,-1,24939,KY,Woodford
22001,21,61773,LA,Acadia
22003,-1,25764,LA,Allen
22005,-1,107215,LA,Ascension
22007,-1,23421,LA,Assumption
22009,-1,42073,LA,Avoyelles
22011,-1,35654,LA,Beauregard
22013,-1,14353,LA,Bienville
22015,12,116979,LA,Bossier
22017,22,254969,LA,Caddo
22019,26,192768,LA,Calcasieu
22021,-1,10132,LA,Caldwell
22023,-1,6839,LA,Cameron
22025,-1,10407,LA,Catahoula
22027,-1,17195,LA,Claiborne
22029,-1,20822,LA,Concordia
22031,-1,26656,LA,De Soto
22033,37,440171,LA,East Baton Rouge
22035,-1,7759,LA,East Carroll
22037,-1,20267,LA,East Feliciana
22039,-1,33984,LA,Evangeline
22041,-1,20767,LA,Franklin
22043,-1,22309,LA,Grant
22045,-1,73240,LA,Iberia
22047,-1,33387,LA,Iberville
22049,-1,16274,LA,Jackson
22051,64,432552,LA,Jefferson
22053,10,31594,LA,Jefferson Davis
22055,32,221578,LA,Lafayette
22057,23,96318,LA,Lafourche
22059,-1,14890,LA,LaSalle
22061,-1,46735,LA,Lincoln
22063,36,128026,LA,Livingston
22065,-1,12093,LA,Madison
22067,-1,27979,LA,Morehouse
22069,-1,39566,LA,Natchitoches
22071,19,343829,LA,Orleans
22073,13,153720,LA,Ouachita
22075,-1,23042,LA,Plaquemines
22077,-1,22802,LA,Pointe Coupee
22079,18,131613,LA,Rapides
22081,-1,9091,LA,Red River
22083,-1,20725,LA,Richland
22085,-1,24233,LA,Sabine
22087,11,35897,LA,St. Bernard
22089,-1,52780,LA,St. Charles
22091,-1,11203,LA,St. Helena
22093,-1,22102,LA,St. James
22095,10,45924,LA,St. John the Baptist
22097,10,83384,LA,St. Landry
22099,-1,52160,LA,St. Martin
22101,-1,54650,LA,St. Mary
22103,47,233740,LA,St. Tammany
22105,30,121097,LA,Tangipahoa
22107,-1,5252,LA,Tensas
22109,23,111860,LA,Terrebonne
22111,-1,22721,LA,Union
22113,-1,57999,LA,Vermilion
22115,-1,52334,LA,Vernon
22117,-1,47168,LA,Washington
22119,-1,41207,LA,Webster
22121,-1,23788,LA,West Baton Rouge
22123,-1,11604,LA,West Carroll
22125,-1,15625,LA,West Feliciana
22127,-1,15313,LA,Winn
23001,15,107702,ME,Androscoggin
23003,-1,71870,ME,Aroostook
23005,28,281674,ME,Cumberland
23007,-1,30768,ME,Franklin
23009,-1,54418,ME,Hancock
23011,15,122151,ME,Kennebec
23013,-1,39736,ME,Knox
23015,-1,34457,ME,Lincoln
23017,-1,57833,ME,Oxford
23019,15,153923,ME,Penobscot
23021,-1,17535,ME,Piscataquis
23023,-1,35293,ME,Sagadahoc
23025,-1,52228,ME,Somerset
23027,-1,38786,ME,Waldo
23029,-1,32856,ME,Washington
23031,21,197131,ME,York
24001,12,75087,MD,Allegany
24003,66,537656,MD,Anne Arundel
24005,129,805029,MD,Baltimore
24009,11,88737,MD,Calvert
24011,-1,33066,MD,Caroline
24013,15,167134,MD,Carroll
24015,28,101108,MD,Cecil
24017,13,146551,MD,Charles
24019,-1,32618,MD,Dorchester
24021,16,233385,MD,Frederick
24023,-1,30097,MD,Garrett
24025,39,244826,MD,Harford
24027,14,287085,MD,Howard
24029,-1,20197,MD,Kent
24031,32,971777,MD,Montgomery
24033,51,863420,MD,Prince George's
24035,-1,47798,MD,Queen Anne's
24037,15,105151,MD,St. Mary's
24039,-1,26470,MD,Somerset
24041,-1,37782,MD,Talbot
24043,18,147430,MD,Washington
24045,10,98733,MD,Wicomico
24047,-1,51454,MD,Worcester
24510,145,620961,MD,Baltimo
25001,28,215888,MA,Barnstable
25003,10,131219,MA,Berkshire
25005,108,548285,MA,Bristol
25007,-1,16535,MA,Dukes
25009,68,743159,MA,Essex
25011,-1,71372,MA,Franklin
25013,61,463490,MA,Hampden
25015,16,158080,MA,Hampshire
25017,127,1503085,MA,Middlesex
25019,-1,10172,MA,Nantucket
25021,79,670850,MA,Norfolk
25023,52,494919,MA,Plymouth
25025,83,722023,MA,Suffolk
25027,98,798552,MA,Worcester
26001,-1,10942,MI,Alcona
26003,-1,9601,MI,Alger
26005,12,111408,MI,Allegan
26007,-1,29598,MI,Alpena
26009,-1,23580,MI,Antrim
26011,-1,15899,MI,Arenac
26013,-1,8860,MI,Baraga
26015,-1,59173,MI,Barry
26017,15,107771,MI,Bay
26019,-1,17525,MI,Benzie
26021,21,156813,MI,Berrien
26023,-1,45248,MI,Branch
26025,33,136146,MI,Calhoun
26027,-1,52293,MI,Cass
26029,-1,25949,MI,Charlevoix
26031,-1,26152,MI,Cheboygan
26033,-1,38520,MI,Chippewa
26035,-1,30926,MI,Clare
26037,-1,75382,MI,Clinton
26039,-1,14074,MI,Crawford
26041,-1,37069,MI,Delta
26043,-1,26168,MI,Dickinson
26045,13,107759,MI,Eaton
26047,-1,32694,MI,Emmet
26049,110,425790,MI,Genesee
26051,-1,25692,MI,Gladwin
26053,-1,16427,MI,Gogebic
26055,12,86986,MI,Grand Traverse
26057,-1,42476,MI,Gratiot
26059,-1,46688,MI,Hillsdale
26061,-1,36628,MI,Houghton
26063,-1,33118,MI,Huron
26065,35,280895,MI,Ingham
26067,10,63905,MI,Ionia
26069,-1,25887,MI,Iosco
26071,-1,11817,MI,Iron
26073,-1,70311,MI,Isabella
26075,10,160248,MI,Jackson
26077,24,250331,MI,Kalamazoo
26079,-1,17153,MI,Kalkaska
26081,57,602622,MI,Kent
26083,-1,2156,MI,Keweenaw
26085,-1,11539,MI,Lake
26087,19,88319,MI,Lapeer
26089,-1,21708,MI,Leelanau
26091,10,99892,MI,Lenawee
26093,19,180967,MI,Livingston
26095,-1,6631,MI,Luce
26097,-1,11113,MI,Mackinac
26099,203,840978,MI,Macomb
26101,-1,24733,MI,Manistee
26103,-1,67077,MI,Marquette
26105,-1,28705,MI,Mason
26107,-1,42798,MI,Mecosta
26109,-1,24029,MI,Menominee
26111,-1,83629,MI,Midland
26113,-1,14849,MI,Missaukee
26115,21,152021,MI,Monroe
26117,-1,63342,MI,Montcalm
26119,-1,9765,MI,Montmorency
26121,39,172188,MI,Muskegon
26123,10,48460,MI,Newaygo
26125,85,1202362,MI,Oakland
26127,-1,26570,MI,Oceana
26129,-1,21699,MI,Ogemaw
26131,-1,6780,MI,Ontonagon
26133,-1,23528,MI,Osceola
26135,-1,8640,MI,Oscoda
26137,-1,24164,MI,Otsego
26139,22,263801,MI,Ottawa
26141,-1,13376,MI,Presque Isle
26143,-1,24449,MI,Roscommon
26145,24,200169,MI,Saginaw
26147,46,163040,MI,St. Clair
26149,-1,61295,MI,St. Joseph
26151,-1,43114,MI,Sanilac
26153,-1,8485,MI,Schoolcraft
26155,19,70648,MI,Shiawassee
26157,-1,55729,MI,Tuscola
26159,18,76258,MI,Van Buren
26161,44,344791,MI,Washtenaw
26163,272,1820584,MI,Wayne
26165,-1,32735,MI,Wexford
27001,-1,16202,MN,Aitkin
27003,36,330844,MN,Anoka
27005,-1,32504,MN,Becker
27007,-1,44442,MN,Beltrami
27009,-1,38451,MN,Benton
27011,-1,5269,MN,Big Stone
27013,-1,64013,MN,Blue Earth
27015,-1,25893,MN,Brown
27017,-1,35386,MN,Carlton
27019,-1,91042,MN,Carver
27021,-1,28567,MN,Cass
27023,-1,12441,MN,Chippewa
27025,-1,53887,MN,Chisago
27027,-1,58999,MN,Clay
27029,-1,8695,MN,Clearwater
27031,-1,5176,MN,Cook
27033,-1,11687,MN,Cottonwood
27035,-1,62500,MN,Crow Wing
27037,33,398552,MN,Dakota
27039,-1,20087,MN,Dodge
27041,-1,36009,MN,Douglas
27043,-1,14553,MN,Faribault
27045,-1,20866,MN,Fillmore
27047,-1,31255,MN,Freeborn
27049,-1,46183,MN,Goodhue
27051,-1,6018,MN,Grant
27053,110,1152425,MN,Hennepin
27055,-1,19027,MN,Houston
27057,-1,20428,MN,Hubbard
27059,-1,37816,MN,Isanti
27061,-1,45058,MN,Itasca
27063,-1,10266,MN,Jackson
27065,-1,16239,MN,Kanabec
27067,-1,42239,MN,Kandiyohi
27069,-1,4552,MN,Kittson
27071,-1,13311,MN,Koochiching
27073,-1,7259,MN,Lac qui Parle
27075,-1,10866,MN,Lake
27077,-1,4045,MN,Lake of the Woods
27079,-1,27703,MN,Le Sueur
27081,-1,5896,MN,Lincoln
27083,-1,25857,MN,Lyon
27085,-1,36651,MN,McLeod
27087,-1,5413,MN,Mahnomen
27089,-1,9439,MN,Marshall
27091,-1,20840,MN,Martin
27093,-1,23300,MN,Meeker
27095,-1,26097,MN,Mille Lacs
27097,-1,33198,MN,Morrison
27099,-1,39163,MN,Mower
27101,-1,8725,MN,Murray
27103,-1,32727,MN,Nicollet
27105,-1,21378,MN,Nobles
27107,-1,6852,MN,Norman
27109,-1,144248,MN,Olmsted
27111,-1,57303,MN,Otter Tail
27113,-1,13930,MN,Pennington
27115,-1,29750,MN,Pine
27117,-1,9596,MN,Pipestone
27119,-1,31600,MN,Polk
27121,-1,10995,MN,Pope
27123,48,508640,MN,Ramsey
27125,-1,4089,MN,Red Lake
27127,-1,16059,MN,Redwood
27129,-1,15730,MN,Renville
27131,-1,64142,MN,Rice
27133,-1,9687,MN,Rock
27135,-1,15629,MN,Roseau
27137,23,200226,MN,St. Louis
27139,-1,129928,MN,Scott
27141,-1,88499,MN,Sherburne
27143,-1,15226,MN,Sibley
27145,-1,150642,MN,Stearns
27147,-1,36576,MN,Steele
27149,-1,9726,MN,Stevens
27151,-1,9783,MN,Swift
27153,-1,24895,MN,Todd
27155,-1,3558,MN,Traverse
27157,-1,21676,MN,Wabasha
27159,-1,13843,MN,Wadena
27161,-1,19136,MN,Waseca
27163,14,238136,MN,Washington
27165,-1,11211,MN,Watonwan
27167,-1,6576,MN,Wilkin
27169,-1,51461,MN,Winona
27171,-1,124700,MN,Wright
27173,-1,10438,MN,Yellow Medicine
28001,-1,32297,MS,Adams
28003,-1,37057,MS,Alcorn
28005,-1,13131,MS,Amite
28007,-1,19564,MS,Attala
28009,-1,8729,MS,Benton
28011,-1,34145,MS,Bolivar
28013,-1,14962,MS,Calhoun
28015,-1,10597,MS,Carroll
28017,-1,17392,MS,Chickasaw
28019,-1,8547,MS,Choctaw
28021,-1,9604,MS,Claiborne
28023,-1,16732,MS,Clarke
28025,-1,20634,MS,Clay
28027,-1,26151,MS,Coahoma
28029,-1,29449,MS,Copiah
28031,-1,19568,MS,Covington
28033,17,161252,MS,DeSoto
28035,-1,74934,MS,Forrest
28037,-1,8118,MS,Franklin
28039,-1,22578,MS,George
28041,-1,14400,MS,Greene
28043,-1,21906,MS,Grenada
28045,14,43929,MS,Hancock
28047,36,187105,MS,Harrison
28049,-1,245285,MS,Hinds
28051,-1,19198,MS,Holmes
28053,-1,9375,MS,Humphreys
28055,-1,1406,MS,Issaquena
28057,-1,23401,MS,Itawamba
28059,42,139668,MS,Jackson
28061,-1,17062,MS,Jasper
28063,-1,7726,MS,Jefferson
28065,-1,12487,MS,Jefferson Davis
28067,-1,67761,MS,Jones
28069,-1,10456,MS,Kemper
28071,-1,47351,MS,Lafayette
28073,-1,55658,MS,Lamar
28075,-1,80261,MS,Lauderdale
28077,-1,12929,MS,Lawrence
28079,-1,23805,MS,Leake
28081,11,82910,MS,Lee
28083,-1,32317,MS,Leflore
28085,-1,34869,MS,Lincoln
28087,-1,59779,MS,Lowndes
28089,-1,95203,MS,Madison
28091,10,27088,MS,Marion
28093,-1,37144,MS,Marshall
28095,-1,36989,MS,Monroe
28097,-1,10925,MS,Montgomery
28099,-1,29676,MS,Neshoba
28101,-1,21720,MS,Newton
28103,-1,11545,MS,Noxubee
28105,-1,47671,MS,Oktibbeha
28107,-1,34707,MS,Panola
28109,16,55834,MS,Pearl River
28111,-1,12250,MS,Perry
28113,-1,40404,MS,Pike
28115,-1,29957,MS,Pontotoc
28117,-1,25276,MS,Prentiss
28119,-1,8223,MS,Quitman
28121,32,141617,MS,Rankin
28123,-1,28264,MS,Scott
28125,-1,4916,MS,Sharkey
28127,-1,27503,MS,Simpson
28129,-1,16491,MS,Smith
28131,-1,17786,MS,Stone
28133,-1,29450,MS,Sunflower
28135,-1,15378,MS,Tallahatchie
28137,-1,28886,MS,Tate
28139,-1,22232,MS,Tippah
28141,-1,19593,MS,Tishomingo
28143,-1,10778,MS,Tunica
28145,-1,27134,MS,Union
28147,-1,15443,MS,Walthall
28149,-1,48773,MS,Warren
28151,-1,51137,MS,Washington
28153,-1,20747,MS,Wayne
28155,-1,10253,MS,Webster
28157,-1,9878,MS,Wilkinson
28159,-1,19198,MS,Winston
28161,-1,12678,MS,Yalobusha
28163,-1,28065,MS,Yazoo
29001,-1,25607,MO,Adair
29003,-1,17291,MO,Andrew
29005,-1,5685,MO,Atchison
29007,-1,25529,MO,Audrain
29009,-1,35597,MO,Barry
29011,-1,12402,MO,Barton
29013,-1,17049,MO,Bates
29015,-1,19056,MO,Benton
29017,-1,12363,MO,Bollinger
29019,23,162642,MO,Boone
29021,-1,89201,MO,Buchanan
29023,-1,42794,MO,Butler
29025,-1,9424,MO,Caldwell
29027,-1,44332,MO,Callaway
29029,-1,44002,MO,Camden
29031,13,75674,MO,Cape Girardeau
29033,-1,9295,MO,Carroll
29035,-1,6265,MO,Carter
29037,11,99478,MO,Cass
29039,-1,13982,MO,Cedar
29041,-1,7831,MO,Chariton
29043,15,77422,MO,Christian
29045,-1,7139,MO,Clark
29047,27,221939,MO,Clay
29049,-1,20743,MO,Clinton
29051,11,75990,MO,Cole
29053,-1,17601,MO,Cooper
29055,-1,24696,MO,Crawford
29057,-1,7883,MO,Dade
29059,-1,16777,MO,Dallas
29061,-1,8433,MO,Daviess
29063,-1,12892,MO,DeKalb
29065,-1,15657,MO,Dent
29067,-1,13684,MO,Douglas
29069,-1,31953,MO,Dunklin
29071,23,101492,MO,Franklin
29073,-1,15222,MO,Gasconade
29075,-1,6738,MO,Gentry
29077,86,275174,MO,Greene
29079,-1,10261,MO,Grundy
29081,-1,8957,MO,Harrison
29083,-1,22272,MO,Henry
29085,-1,9627,MO,Hickory
29087,-1,4912,MO,Holt
29089,-1,10144,MO,Howard
29091,-1,40400,MO,Howell
29093,-1,10630,MO,Iron
29095,112,674158,MO,Jackson
29097,24,117404,MO,Jasper
29099,57,218733,MO,Jefferson
29101,-1,52595,MO,Johnson
29103,-1,4131,MO,Knox
29105,-1,35571,MO,Laclede
29107,-1,33381,MO,Lafayette
29109,-1,38634,MO,Lawrence
29111,-1,10211,MO,Lewis
29113,10,52566,MO,Lincoln
29115,-1,12761,MO,Linn
29117,-1,15195,MO,Livingston
29119,-1,23083,MO,McDonald
29121,-1,15566,MO,Macon
29123,-1,12226,MO,Madison
29125,-1,9176,MO,Maries
29127,-1,28781,MO,Marion
29129,-1,3785,MO,Mercer
29131,-1,24748,MO,Miller
29133,-1,14358,MO,Mississippi
29135,-1,15607,MO,Moniteau
29137,-1,8840,MO,Monroe
29139,-1,12236,MO,Montgomery
29141,-1,20565,MO,Morgan
29143,-1,18956,MO,New Madrid
29145,11,58114,MO,Newton
29147,-1,23370,MO,Nodaway
29149,-1,10881,MO,Oregon
29151,-1,13878,MO,Osage
29153,-1,9723,MO,Ozark
29155,12,18296,MO,Pemiscot
29157,-1,18971,MO,Perry
29159,-1,42201,MO,Pettis
29161,12,45156,MO,Phelps
29163,-1,18516,MO,Pike
29165,10,89322,MO,Platte
29167,10,31137,MO,Polk
29169,-1,52274,MO,Pulaski
29171,-1,4979,MO,Putnam
29173,-1,10167,MO,Ralls
29175,-1,25414,MO,Randolph
29177,-1,23494,MO,Ray
29179,-1,6696,MO,Reynolds
29181,-1,14100,MO,Ripley
29183,51,360485,MO,St. Charles
29185,-1,9805,MO,St. Clair
29186,-1,18145,MO,Ste. Genevieve
29187,14,65359,MO,St. Francois
29189,151,998954,MO,St. Louis
29195,-1,23370,MO,Saline
29197,-1,4431,MO,Schuyler
29199,-1,4843,MO,Scotland
29201,-1,39191,MO,Scott
29203,-1,8441,MO,Shannon
29205,-1,6373,MO,Shelby
29207,-1,29968,MO,Stoddard
29209,-1,32202,MO,Stone
29211,-1,6714,MO,Sullivan
29213,-1,51675,MO,Taney
29215,-1,26008,MO,Texas
29217,-1,21159,MO,Vernon
29219,-1,32513,MO,Warren
29221,-1,25195,MO,Washington
29223,-1,13521,MO,Wayne
29225,-1,36202,MO,Webster
29227,-1,2171,MO,Worth
29229,-1,18815,MO,Wright
29510,76,319294,MO,St. Lou
30001,-1,9246,MT,Beaverhead
30003,-1,12865,MT,Big Horn
30005,-1,6491,MT,Blaine
30007,-1,5612,MT,Broadwater
30009,-1,10078,MT,Carbon
30011,-1,1160,MT,Carter
30013,12,81327,MT,Cascade
30015,-1,5813,MT,Chouteau
30017,-1,11699,MT,Custer
30019,-1,1751,MT,Daniels
30021,-1,8966,MT,Dawson
30023,-1,9298,MT,Deer Lodge
30025,-1,2890,MT,Fallon
30027,-1,11586,MT,Fergus
30029,-1,90928,MT,Flathead
30031,-1,89513,MT,Gallatin
30033,-1,1206,MT,Garfield
30035,-1,13399,MT,Glacier
30037,-1,884,MT,Golden Valley
30039,-1,3079,MT,Granite
30041,-1,16096,MT,Hill
30043,-1,11406,MT,Jefferson
30045,-1,2072,MT,Judith Basin
30047,-1,28746,MT,Lake
30049,-1,63395,MT,Lewis and Clark
30051,-1,2339,MT,Liberty
30053,-1,19687,MT,Lincoln
30055,-1,1734,MT,McCone
30057,-1,7691,MT,Madison
30059,-1,1891,MT,Meagher
30061,-1,4223,MT,Mineral
30063,20,109299,MT,Missoula
30065,-1,4538,MT,Musselshell
30067,-1,15636,MT,Park
30069,-1,494,MT,Petroleum
30071,-1,4253,MT,Phillips
30073,-1,6153,MT,Pondera
30075,-1,1743,MT,Powder River
30077,-1,7027,MT,Powell
30079,-1,1179,MT,Prairie
30081,-1,40212,MT,Ravalli
30083,-1,9746,MT,Richland
30085,-1,10425,MT,Roosevelt
30087,-1,9233,MT,Rosebud
30089,-1,11413,MT,Sanders
30091,-1,3384,MT,Sheridan
30093,-1,34200,MT,Silver Bow
30095,-1,9117,MT,Stillwater
30097,-1,3651,MT,Sweet Grass
30099,-1,6073,MT,Teton
30101,-1,5324,MT,Toole
30103,-1,718,MT,Treasure
30105,-1,7369,MT,Valley
30107,-1,2168,MT,Wheatland
30109,-1,1017,MT,Wibaux
30111,25,147972,MT,Yellowstone
31001,-1,31364,NE,Adams
31003,-1,6685,NE,Antelope
31005,-1,460,NE,Arthur
31007,-1,690,NE,Banner
31009,-1,478,NE,Blaine
31011,-1,5505,NE,Boone
31013,-1,11308,NE,Box Butte
31015,-1,2099,NE,Boyd
31017,-1,3145,NE,Brown
31019,-1,46102,NE,Buffalo
31021,-1,6858,NE,Burt
31023,-1,8395,NE,Butler
31025,-1,25241,NE,Cass
31027,-1,8852,NE,Cedar
31029,-1,3966,NE,Chase
31031,-1,5713,NE,Cherry
31033,-1,9998,NE,Cheyenne
31035,-1,6542,NE,Clay
31037,-1,10515,NE,Colfax
31039,-1,9139,NE,Cuming
31041,-1,10939,NE,Custer
31043,-1,21006,NE,Dakota
31045,-1,9182,NE,Dawes
31047,-1,24326,NE,Dawson
31049,-1,1941,NE,Deuel
31051,-1,6000,NE,Dixon
31053,-1,36691,NE,Dodge
31055,44,517110,NE,Douglas
31057,-1,2008,NE,Dundy
31059,-1,5890,NE,Fillmore
31061,-1,3225,NE,Franklin
31063,-1,2756,NE,Frontier
31065,-1,4959,NE,Furnas
31067,-1,22311,NE,Gage
31069,-1,2057,NE,Garden
31071,-1,2049,NE,Garfield
31073,-1,2044,NE,Gosper
31075,-1,614,NE,Grant
31077,-1,2538,NE,Greeley
31079,-1,58607,NE,Hall
31081,-1,9124,NE,Hamilton
31083,-1,3423,NE,Harlan
31085,-1,967,NE,Hayes
31087,-1,2908,NE,Hitchcock
31089,-1,10435,NE,Holt
31091,-1,736,NE,Hooker
31093,-1,6274,NE,Howard
31095,-1,7547,NE,Jefferson
31097,-1,5217,NE,Johnson
31099,-1,6489,NE,Kearney
31101,-1,8368,NE,Keith
31103,-1,824,NE,Keya Paha
31105,-1,3821,NE,Kimball
31107,-1,8701,NE,Knox
31109,20,285407,NE,Lancaster
31111,-1,36288,NE,Lincoln
31113,-1,763,NE,Logan
31115,-1,632,NE,Loup
31117,-1,539,NE,McPherson
31119,-1,34876,NE,Madison
31121,-1,7845,NE,Merrick
31123,-1,5042,NE,Morrill
31125,-1,3735,NE,Nance
31127,-1,7248,NE,Nemaha
31129,-1,4500,NE,Nuckolls
31131,-1,15740,NE,Otoe
31133,-1,2773,NE,Pawnee
31135,-1,2970,NE,Perkins
31137,-1,9188,NE,Phelps
31139,-1,7266,NE,Pierce
31141,-1,32237,NE,Platte
31143,-1,5406,NE,Polk
31145,-1,11055,NE,Red Willow
31147,-1,8363,NE,Richardson
31149,-1,1526,NE,Rock
31151,-1,14200,NE,Saline
31153,10,158840,NE,Sarpy
31155,-1,20780,NE,Saunders
31157,-1,36970,NE,Scotts Bluff
31159,-1,16750,NE,Seward
31161,-1,5469,NE,Sheridan
31163,-1,3152,NE,Sherman
31165,-1,1311,NE,Sioux
31167,-1,6129,NE,Stanton
31169,-1,5228,NE,Thayer
31171,-1,647,NE,Thomas
31173,-1,6940,NE,Thurston
31175,-1,4260,NE,Valley
31177,-1,20234,NE,Washington
31179,-1,9595,NE,Wayne
31181,-1,3812,NE,Webster
31183,-1,818,NE,Wheeler
31185,-1,13665,NE,York
32001,-1,24877,NV,Churchill
32003,392,1951269,NV,Clark
32005,13,46997,NV,Douglas
32007,-1,48818,NV,Elko
32009,-1,783,NV,Esmeralda
32011,-1,1987,NV,Eureka
32013,-1,16528,NV,Humboldt
32015,-1,5775,NV,Lander
32017,-1,5345,NV,Lincoln
32019,14,51980,NV,Lyon
32021,-1,4772,NV,Mineral
32023,21,43946,NV,Nye
32027,-1,6753,NV,Pershing
32029,-1,4010,NV,Storey
32031,103,421407,NV,Washoe
32033,-1,10030,NV,White Pine
32510,10,55274,NV,Cars
33001,-1,60088,NH,Belknap
33003,-1,47818,NH,Carroll
33005,-1,77117,NH,Cheshire
33007,-1,33055,NH,Coos
33009,10,89118,NH,Grafton
33011,58,400721,NH,Hillsborough
33013,11,146445,NH,Merrimack
33015,30,295223,NH,Rockingham
33017,18,123143,NH,Strafford
33019,-1,43742,NH,Sullivan
34001,48,274549,NJ,Atlantic
34003,56,905116,NJ,Bergen
34005,52,448734,NJ,Burlington
34007,98,513657,NJ,Camden
34009,-1,97265,NJ,Cape May
34011,10,156898,NJ,Cumberland
34013,77,783969,NJ,Essex
34015,50,288288,NJ,Gloucester
34017,40,634266,NJ,Hudson
34019,-1,128349,NJ,Hunterdon
34021,38,366513,NJ,Mercer
34023,61,809858,NJ,Middlesex
34025,73,630380,NJ,Monmouth
34027,45,492276,NJ,Morris
34029,64,576567,NJ,Ocean
34031,42,501226,NJ,Passaic
34033,-1,66083,NJ,Salem
34035,17,323444,NJ,Somerset
34037,23,149265,NJ,Sussex
34039,38,536499,NJ,Union
34041,15,108692,NJ,Warren
35001,186,662564,NM,Bernalillo
35003,-1,3725,NM,Catron
35005,-1,65645,NM,Chaves
35006,-1,27213,NM,Cibola
35007,-1,13750,NM,Colfax
35009,-1,48376,NM,Curry
35011,-1,2022,NM,DeBaca
35013,40,209233,NM,Dona Ana
35015,20,53829,NM,Eddy
35017,-1,29514,NM,Grant
35019,-1,4687,NM,Guadalupe
35021,-1,695,NM,Harding
35023,-1,4894,NM,Hidalgo
35025,12,64727,NM,Lea
35027,-1,20497,NM,Lincoln
35028,-1,17950,NM,Los Alamos
35029,-1,25095,NM,Luna
35031,10,71492,NM,McKinley
35033,-1,4881,NM,Mora
35035,13,63797,NM,Otero
35037,-1,9041,NM,Quay
35039,19,40246,NM,Rio Arriba
35041,-1,19846,NM,Roosevelt
35043,19,131561,NM,Sandoval
35045,19,130044,NM,San Juan
35047,-1,29393,NM,San Miguel
35049,33,144170,NM,Santa Fe
35051,-1,11988,NM,Sierra
35053,-1,17866,NM,Socorro
35055,-1,32937,NM,Taos
35057,-1,16383,NM,Torrance
35059,-1,4549,NM,Union
35061,22,76569,NM,Valencia
36001,26,304204,NY,Albany
36003,-1,48946,NY,Allegany
36005,111,1385108,NY,Bronx
36007,18,200600,NY,Broome
36009,-1,80317,NY,Cattaraugus
36011,-1,80026,NY,Cayuga
36013,12,134905,NY,Chautauqua
36015,-1,88830,NY,Chemung
36017,-1,50477,NY,Chenango
36019,-1,82128,NY,Clinton
36021,-1,63096,NY,Columbia
36023,-1,49336,NY,Cortland
36025,-1,47980,NY,Delaware
36027,55,297488,NY,Dutchess
36029,79,919040,NY,Erie
36031,-1,39370,NY,Essex
36033,-1,51599,NY,Franklin
36035,-1,55531,NY,Fulton
36037,-1,60079,NY,Genesee
36039,-1,49221,NY,Greene
36041,-1,4836,NY,Hamilton
36043,-1,64519,NY,Herkimer
36045,-1,116229,NY,Jefferson
36047,180,2504700,NY,Kings
36049,-1,27087,NY,Lewis
36051,-1,65393,NY,Livingston
36053,-1,73442,NY,Madison
36055,63,744344,NY,Monroe
36057,-1,50219,NY,Montgomery
36059,101,1339532,NY,Nassau
36061,99,1585873,NY,New York
36063,30,216469,NY,Niagara
36065,17,234878,NY,Oneida
36067,40,467026,NY,Onondaga
36069,-1,107931,NY,Ontario
36071,54,372813,NY,Orange
36073,-1,42883,NY,Orleans
36075,12,122109,NY,Oswego
36077,-1,62259,NY,Otsego
36079,-1,99710,NY,Putnam
36081,133,2230722,NY,Queens
36083,13,159429,NY,Rensselaer
36085,69,468730,NY,Richmond
36087,18,311687,NY,Rockland
36089,-1,111944,NY,St. Lawrence
36091,-1,219607,NY,Saratoga
36093,-1,154727,NY,Schenectady
36095,-1,32749,NY,Schoharie
36097,-1,18343,NY,Schuyler
36099,-1,35251,NY,Seneca
36101,-1,98990,NY,Steuben
36103,199,1493350,NY,Suffolk
36105,-1,77547,NY,Sullivan
36107,-1,51125,NY,Tioga
36109,-1,101564,NY,Tompkins
36111,14,182493,NY,Ulster
36113,-1,65707,NY,Warren
36115,-1,63216,NY,Washington
36117,-1,93772,NY,Wayne
36119,48,949113,NY,Westchester
36121,-1,42155,NY,Wyoming
36123,-1,25348,NY,Yates
37001,10,151131,NC,Alamance
37003,10,37198,NC,Alexander
37005,-1,11155,NC,Alleghany
37007,-1,26948,NC,Anson
37009,-1,27281,NC,Ashe
37011,-1,17797,NC,Avery
37013,-1,47759,NC,Beaufort
37015,-1,21282,NC,Bertie
37017,-1,35190,NC,Bladen
37019,23,107431,NC,Brunswick
37021,28,238318,NC,Buncombe
37023,23,90912,NC,Burke
37025,23,178011,NC,Cabarrus
37027,13,83029,NC,Caldwell
37029,-1,9980,NC,Camden
37031,11,66469,NC,Carteret
37033,-1,23719,NC,Caswell
37035,21,154358,NC,Catawba
37037,-1,63505,NC,Chatham
37039,13,27444,NC,Cherokee
37041,-1,14793,NC,Chowan
37043,-1,10587,NC,Clay
37045,20,98078,NC,Cleveland
37047,15,58098,NC,Columbus
37049,11,103505,NC,Craven
37051,44,319431,NC,Cumberland
37053,-1,23547,NC,Currituck
37055,-1,33920,NC,Dare
37057,16,162878,NC,Davidson
37059,-1,41240,NC,Davie
37061,-1,58505,NC,Duplin
37063,29,267587,NC,Durham
37065,-1,56552,NC,Edgecombe
37067,28,350670,NC,Forsyth
37069,-1,60619,NC,Franklin
37071,47,206086,NC,Gaston
37073,-1,12197,NC,Gates
37075,-1,8861,NC,Graham
37077,-1,59916,NC,Granville
37079,-1,21362,NC,Greene
37081,36,488406,NC,Guilford
37083,-1,54691,NC,Halifax
37085,12,114678,NC,Harnett
37087,13,59036,NC,Haywood
37089,19,106740,NC,Henderson
37091,-1,24669,NC,Hertford
37093,-1,46952,NC,Hoke
37095,-1,5810,NC,Hyde
37097,23,159437,NC,Iredell
37099,-1,40271,NC,Jackson
37101,28,168878,NC,Johnston
37103,-1,10153,NC,Jones
37105,-1,57866,NC,Lee
37107,-1,59495,NC,Lenoir
37109,-1,78265,NC,Lincoln
37111,-1,44996,NC,McDowell
37113,-1,33922,NC,Macon
37115,-1,20764,NC,Madison
37117,-1,24505,NC,Martin
37119,65,919628,NC,Mecklenburg
37121,-1,15579,NC,Mitchell
37123,-1,27798,NC,Montgomery
37125,-1,88247,NC,Moore
37127,-1,95840,NC,Nash
37129,31,202667,NC,New Hanover
37131,-1,22099,NC,Northampton
37133,16,177772,NC,Onslow
37135,-1,133801,NC,Orange
37137,-1,13144,NC,Pamlico
37139,-1,40661,NC,Pasquotank
37141,-1,52217,NC,Pender
37143,-1,13453,NC,Perquimans
37145,-1,39464,NC,Person
37147,19,168148,NC,Pitt
37149,-1,20510,NC,Polk
37151,19,141752,NC,Randolph
37153,-1,46639,NC,Richmond
37155,11,134168,NC,Robeson
37157,17,93643,NC,Rockingham
37159,23,138428,NC,Rowan
37161,10,67810,NC,Rutherford
37163,-1,63431,NC,Sampson
37165,-1,36157,NC,Scotland
37167,18,60585,NC,Stanly
37169,-1,47401,NC,Stokes
37171,18,73673,NC,Surry
37173,-1,13981,NC,Swain
37175,-1,33090,NC,Transylvania
37177,-1,4407,NC,Tyrrell
37179,12,201292,NC,Union
37181,-1,45422,NC,Vance
37183,57,900993,NC,Wake
37185,-1,20972,NC,Warren
37187,-1,13228,NC,Washington
37189,-1,51079,NC,Watauga
37191,14,122623,NC,Wayne
37193,17,69340,NC,Wilkes
37195,-1,81234,NC,Wilson
37197,-1,38406,NC,Yadkin
37199,-1,17818,NC,Yancey
38001,-1,2343,ND,Adams
38003,-1,11066,ND,Barnes
38005,-1,6660,ND,Benson
38007,-1,783,ND,Billings
38009,-1,6429,ND,Bottineau
38011,-1,3151,ND,Bowman
38013,-1,1968,ND,Burke
38015,-1,81308,ND,Burleigh
38017,-1,149778,ND,Cass
38019,-1,3993,ND,Cavalier
38021,-1,5289,ND,Dickey
38023,-1,2071,ND,Divide
38025,-1,3536,ND,Dunn
38027,-1,2385,ND,Eddy
38029,-1,3550,ND,Emmons
38031,-1,3343,ND,Foster
38033,-1,1680,ND,Golden Valley
38035,-1,66861,ND,Grand Forks
38037,-1,2394,ND,Grant
38039,-1,2420,ND,Griggs
38041,-1,2477,ND,Hettinger
38043,-1,2435,ND,Kidder
38045,-1,4139,ND,LaMoure
38047,-1,1990,ND,Logan
38049,-1,5395,ND,McHenry
38051,-1,2809,ND,McIntosh
38053,-1,6360,ND,McKenzie
38055,-1,8962,ND,McLean
38057,-1,8424,ND,Mercer
38059,-1,27471,ND,Morton
38061,-1,7673,ND,Mountrail
38063,-1,3126,ND,Nelson
38065,-1,1846,ND,Oliver
38067,-1,7413,ND,Pembina
38069,-1,4357,ND,Pierce
38071,-1,11451,ND,Ramsey
38073,-1,5457,ND,Ransom
38075,-1,2470,ND,Renville
38077,-1,16321,ND,Richland
38079,-1,13937,ND,Rolette
38081,-1,3829,ND,Sargent
38083,-1,1321,ND,Sheridan
38085,-1,4153,ND,Sioux
38087,-1,727,ND,Slope
38089,-1,24199,ND,Stark
38091,-1,1975,ND,Steele
38093,-1,21100,ND,Stutsman
38095,-1,2246,ND,Towner
38097,-1,8121,ND,Traill
38099,-1,11119,ND,Walsh
38101,-1,61675,ND,Ward
38103,-1,4207,ND,Wells
38105,-1,22398,ND,Williams
39001,-1,28550,OH,Adams
39003,-1,106331,OH,Allen
39005,-1,53139,OH,Ashland
39007,20,101497,OH,Ashtabula
39009,-1,64757,OH,Athens
39011,-1,45949,OH,Auglaize
39013,-1,70400,OH,Belmont
39015,17,44846,OH,Brown
39017,73,368130,OH,Butler
39019,-1,28836,OH,Carroll
39021,-1,40097,OH,Champaign
39023,21,138333,OH,Clark
39025,52,197363,OH,Clermont
39027,-1,42040,OH,Clinton
39029,18,107841,OH,Columbiana
39031,-1,36901,OH,Coshocton
39033,-1,43784,OH,Crawford
39035,185,1280122,OH,Cuyahoga
39037,-1,52959,OH,Darke
39039,-1,39037,OH,Defiance
39041,14,174214,OH,Delaware
39043,18,77079,OH,Erie
39045,18,146156,OH,Fairfield
39047,-1,29030,OH,Fayette
39049,239,1163414,OH,Franklin
39051,-1,42698,OH,Fulton
39053,-1,30934,OH,Gallia
39055,-1,93389,OH,Geauga
39057,32,161573,OH,Greene
39059,13,40087,OH,Guernsey
39061,129,802374,OH,Hamilton
39063,-1,74782,OH,Hancock
39065,-1,32058,OH,Hardin
39067,-1,15864,OH,Harrison
39069,-1,28215,OH,Henry
39071,14,43589,OH,Highland
39073,-1,29380,OH,Hocking
39075,-1,42366,OH,Holmes
39077,-1,59626,OH,Huron
39079,-1,33225,OH,Jackson
39081,13,69709,OH,Jefferson
39083,11,60921,OH,Knox
39085,43,230041,OH,Lake
39087,11,62450,OH,Lawrence
39089,24,166492,OH,Licking
39091,-1,45858,OH,Logan
39093,36,301356,OH,Lorain
39095,62,441815,OH,Lucas
39097,11,43435,OH,Madison
39099,55,238823,OH,Mahoning
39101,-1,66501,OH,Marion
39103,12,172332,OH,Medina
39105,-1,23770,OH,Meigs
39107,-1,40814,OH,Mercer
39109,15,102506,OH,Miami
39111,-1,14642,OH,Monroe
39113,133,535153,OH,Montgomery
39115,-1,15054,OH,Morgan
39117,-1,34827,OH,Morrow
39119,-1,86074,OH,Muskingum
39121,-1,14645,OH,Noble
39123,-1,41428,OH,Ottawa
39125,-1,19614,OH,Paulding
39127,-1,36058,OH,Perry
39129,-1,55698,OH,Pickaway
39131,-1,28709,OH,Pike
39133,17,161419,OH,Portage
39135,-1,42270,OH,Preble
39137,-1,34499,OH,Putnam
39139,14,124475,OH,Richland
39141,20,78064,OH,Ross
39143,-1,60944,OH,Sandusky
39145,25,79499,OH,Scioto
39147,-1,56745,OH,Seneca
39149,-1,49423,OH,Shelby
39151,45,375586,OH,Stark
39153,80,541781,OH,Summit
39155,49,210312,OH,Trumbull
39157,-1,92582,OH,Tuscarawas
39159,11,52300,OH,Union
39161,-1,28744,OH,Van Wert
39163,-1,13435,OH,Vinton
39165,27,212693,OH,Warren
39167,-1,61778,OH,Washington
39169,-1,114520,OH,Wayne
39171,-1,37642,OH,Williams
39173,-1,125488,OH,Wood
39175,-1,22615,OH,Wyandot
40001,-1,22683,OK,Adair
40003,-1,5642,OK,Alfalfa
40005,-1,14182,OK,Atoka
40007,-1,5636,OK,Beaver
40009,-1,22119,OK,Beckham
40011,-1,11943,OK,Blaine
40013,-1,42416,OK,Bryan
40015,-1,29600,OK,Caddo
40017,15,115541,OK,Canadian
40019,16,47557,OK,Carter
40021,10,46987,OK,Cherokee
40023,-1,15205,OK,Choctaw
40025,-1,2475,OK,Cimarron
40027,41,255755,OK,Cleveland
40029,-1,5925,OK,Coal
40031,14,124098,OK,Comanche
40033,-1,6193,OK,Cotton
40035,-1,15029,OK,Craig
40037,21,69967,OK,Creek
40039,-1,27469,OK,Custer
40041,-1,41487,OK,Delaware
40043,-1,4810,OK,Dewey
40045,-1,4151,OK,Ellis
40047,-1,60580,OK,Garfield
40049,-1,27576,OK,Garvin
40051,-1,52431,OK,Grady
40053,-1,4527,OK,Grant
40055,-1,6239,OK,Greer
40057,-1,2922,OK,Harmon
40059,-1,3685,OK,Harper
40061,-1,12769,OK,Haskell
40063,-1,14003,OK,Hughes
40065,-1,26446,OK,Jackson
40067,-1,6472,OK,Jefferson
40069,-1,10957,OK,Johnston
40071,10,46562,OK,Kay
40073,-1,15034,OK,Kingfisher
40075,-1,9446,OK,Kiowa
40077,-1,11154,OK,Latimer
40079,-1,50384,OK,Le Flore
40081,-1,34273,OK,Lincoln
40083,-1,41848,OK,Logan
40085,-1,9423,OK,Love
40087,-1,34506,OK,McClain
40089,-1,33151,OK,McCurtain
40091,-1,20252,OK,McIntosh
40093,-1,7527,OK,Major
40095,-1,15840,OK,Marshall
40097,13,41259,OK,Mayes
40099,-1,13488,OK,Murray
40101,16,70990,OK,Muskogee
40103,-1,11561,OK,Noble
40105,-1,10536,OK,Nowata
40107,-1,12191,OK,Okfuskee
40109,153,718633,OK,Oklahoma
40111,-1,40069,OK,Okmulgee
40113,-1,47472,OK,Osage
40115,-1,31848,OK,Ottawa
40117,-1,16577,OK,Pawnee
40119,-1,77350,OK,Payne
40121,-1,45837,OK,Pittsburg
40123,11,37492,OK,Pontotoc
40125,-1,69442,OK,Pottawatomie
40127,-1,11572,OK,Pushmataha
40129,-1,3647,OK,Roger Mills
40131,10,86905,OK,Rogers
40133,-1,25482,OK,Seminole
40135,13,42391,OK,Sequoyah
40137,13,45048,OK,Stephens
40139,-1,20640,OK,Texas
40141,-1,7992,OK,Tillman
40143,141,603403,OK,Tulsa
40145,22,73085,OK,Wagoner
40147,-1,50976,OK,Washington
40149,-1,11629,OK,Washita
40151,-1,8878,OK,Woods
40153,-1,20081,OK,Woodward
41001,-1,16134,OR,Baker
41003,-1,85579,OR,Benton
41005,49,375992,OR,Clackamas
41007,-1,37039,OR,Clatsop
41009,-1,49351,OR,Columbia
41011,14,63043,OR,Coos
41013,-1,20978,OR,Crook
41015,-1,22364,OR,Curry
41017,23,157733,OR,Deschutes
41019,11,107667,OR,Douglas
41021,-1,1871,OR,Gilliam
41023,-1,7445,OR,Grant
41025,-1,7422,OR,Harney
41027,-1,22346,OR,Hood River
41029,29,203206,OR,Jackson
41031,-1,21720,OR,Jefferson
41033,11,82713,OR,Josephine
41035,12,66380,OR,Klamath
41037,-1,7895,OR,Lake
41039,54,351715,OR,Lane
41041,-1,46034,OR,Lincoln
41043,14,116672,OR,Linn
41045,-1,31313,OR,Malheur
41047,44,315335,OR,Marion
41049,-1,11173,OR,Morrow
41051,121,735334,OR,Multnomah
41053,-1,75403,OR,Polk
41055,-1,1765,OR,Sherman
41057,-1,25250,OR,Tillamook
41059,-1,75889,OR,Umatilla
41061,-1,25748,OR,Union
41063,-1,7008,OR,Wallowa
41065,-1,25213,OR,Wasco
41067,38,529710,OR,Washington
41069,-1,1441,OR,Wheeler
41071,11,99193,OR,Yamhill
42001,14,101407,PA,Adams
42003,235,1223348,PA,Allegheny
42005,13,68941,PA,Armstrong
42007,25,170539,PA,Beaver
42009,-1,49762,PA,Bedford
42011,58,411442,PA,Berks
42013,12,127089,PA,Blair
42015,-1,62622,PA,Bradford
42017,102,625249,PA,Bucks
42019,21,183862,PA,Butler
42021,39,143679,PA,Cambria
42023,-1,5085,PA,Cameron
42025,-1,65249,PA,Carbon
42027,-1,153990,PA,Centre
42029,55,498886,PA,Chester
42031,-1,39988,PA,Clarion
42033,11,81642,PA,Clearfield
42035,-1,39238,PA,Clinton
42037,-1,67295,PA,Columbia
42039,14,88765,PA,Crawford
42041,20,235406,PA,Cumberland
42043,22,268100,PA,Dauphin
42045,122,558979,PA,Delaware
42047,-1,31946,PA,Elk
42049,25,280566,PA,Erie
42051,27,136606,PA,Fayette
42053,-1,7716,PA,Forest
42055,13,149618,PA,Franklin
42057,-1,14845,PA,Fulton
42059,13,38686,PA,Greene
42061,-1,45913,PA,Huntingdon
42063,12,88880,PA,Indiana
42065,-1,45200,PA,Jefferson
42067,-1,24636,PA,Juniata
42069,33,214437,PA,Lackawanna
42071,53,519445,PA,Lancaster
42073,12,91108,PA,Lawrence
42075,-1,133568,PA,Lebanon
42077,44,349497,PA,Lehigh
42079,48,320918,PA,Luzerne
42081,13,116111,PA,Lycoming
42083,-1,43450,PA,Mc Kean
42085,19,116638,PA,Mercer
42087,-1,46682,PA,Mifflin
42089,16,169842,PA,Monroe
42091,114,799874,PA,Montgomery
42093,-1,18267,PA,Montour
42095,30,297735,PA,Northampton
42097,12,94528,PA,Northumberland
42099,-1,45969,PA,Perry
42101,342,1526006,PA,Philadelphia
42103,14,57369,PA,Pike
42105,-1,17457,PA,Potter
42107,26,148289,PA,Schuylkill
42109,-1,39702,PA,Snyder
42111,14,77742,PA,Somerset
42113,-1,6428,PA,Sullivan
42115,-1,43356,PA,Susquehanna
42117,-1,41981,PA,Tioga
42119,-1,44947,PA,Union
42121,-1,54984,PA,Venango
42123,-1,41815,PA,Warren
42125,40,207820,PA,Washington
42127,-1,52822,PA,Wayne
42129,65,365169,PA,Westmoreland
42131,-1,28276,PA,Wyoming
42133,54,434972,PA,York
44001,-1,49875,RI,Bristol
44003,25,166158,RI,Kent
44005,10,82888,RI,Newport
44007,111,626667,RI,Providence
44009,19,126979,RI,Washington
45001,-1,25417,SC,Abbeville
45003,27,160099,SC,Aiken
45005,-1,10419,SC,Allendale
45007,37,187126,SC,Anderson
45009,-1,15987,SC,Bamberg
45011,-1,22621,SC,Barnwell
45013,15,162233,SC,Beaufort
45015,25,177843,SC,Berkeley
45017,-1,15175,SC,Calhoun
45019,60,350209,SC,Charleston
45021,10,55342,SC,Cherokee
45023,-1,33140,SC,Chester
45025,-1,46734,SC,Chesterfield
45027,-1,34971,SC,Clarendon
45029,10,38892,SC,Colleton
45031,-1,68681,SC,Darlington
45033,-1,32062,SC,Dillon
45035,11,136555,SC,Dorchester
45037,-1,26985,SC,Edgefield
45039,-1,23956,SC,Fairfield
45041,17,136885,SC,Florence
45043,-1,60158,SC,Georgetown
45045,78,451225,SC,Greenville
45047,-1,69661,SC,Greenwood
45049,-1,21090,SC,Hampton
45051,46,269291,SC,Horry
45053,-1,24777,SC,Jasper
45055,10,61697,SC,Kershaw
45057,16,76652,SC,Lancaster
45059,12,66537,SC,Laurens
45061,-1,19220,SC,Lee
45063,45,262391,SC,Lexington
45065,-1,10233,SC,McCormick
45067,-1,33062,SC,Marion
45069,-1,28933,SC,Marlboro
45071,-1,37508,SC,Newberry
45073,19,74273,SC,Oconee
45075,10,92501,SC,Orangeburg
45077,36,119224,SC,Pickens
45079,54,384504,SC,Richland
45081,-1,19875,SC,Saluda
45083,56,284307,SC,Spartanburg
45085,-1,107456,SC,Sumter
45087,-1,28961,SC,Union
45089,-1,34423,SC,Williamsburg
45091,25,226073,SC,York
46003,-1,2710,SD,Aurora
46005,-1,17398,SD,Beadle
46007,-1,3431,SD,Bennett
46009,-1,7070,SD,Bon Homme
46011,-1,31965,SD,Brookings
46013,-1,36531,SD,Brown
46015,-1,5255,SD,Brule
46017,-1,1912,SD,Buffalo
46019,-1,10110,SD,Butte
46021,-1,1466,SD,Campbell
46023,-1,9129,SD,Charles Mix
46025,-1,3691,SD,Clark
46027,-1,13864,SD,Clay
46029,-1,27227,SD,Codington
46031,-1,4050,SD,Corson
46033,-1,8216,SD,Custer
46035,-1,19504,SD,Davison
46037,-1,5710,SD,Day
46039,-1,4364,SD,Deuel
46041,-1,5301,SD,Dewey
46043,-1,3002,SD,Douglas
46045,-1,4071,SD,Edmunds
46047,-1,7094,SD,Fall River
46049,-1,2364,SD,Faulk
46051,-1,7356,SD,Grant
46053,-1,4271,SD,Gregory
46055,-1,1937,SD,Haakon
46057,-1,5903,SD,Hamlin
46059,-1,3431,SD,Hand
46061,-1,3331,SD,Hanson
46063,-1,1255,SD,Harding
46065,-1,17022,SD,Hughes
46067,-1,7343,SD,Hutchinson
46069,-1,1420,SD,Hyde
46071,-1,3031,SD,Jackson
46073,-1,2071,SD,Jerauld
46075,-1,1006,SD,Jones
46077,-1,5148,SD,Kingsbury
46079,-1,11200,SD,Lake
46081,-1,24097,SD,Lawrence
46083,-1,44828,SD,Lincoln
46085,-1,3755,SD,Lyman
46087,-1,5618,SD,McCook
46089,-1,2459,SD,McPherson
46091,-1,4656,SD,Marshall
46093,-1,25434,SD,Meade
46095,-1,2048,SD,Mellette
46097,-1,2389,SD,Miner
46099,18,169468,SD,Minnehaha
46101,-1,6486,SD,Moody
46103,12,100948,SD,Pennington
46105,-1,2982,SD,Perkins
46107,-1,2329,SD,Potter
46109,-1,10149,SD,Roberts
46111,-1,2355,SD,Sanborn
46113,-1,13586,SD,Shannon
46115,-1,6415,SD,Spink
46117,-1,2966,SD,Stanley
46119,-1,1373,SD,Sully
46121,-1,9612,SD,Todd
46123,-1,5644,SD,Tripp
46125,-1,8347,SD,Turner
46127,-1,14399,SD,Union
46129,-1,5438,SD,Walworth
46135,-1,22438,SD,Yankton
46137,-1,2801,SD,Ziebach
47001,20,75129,TN,Anderson
47003,-1,45058,TN,Bedford
47005,-1,16489,TN,Benton
47007,-1,12876,TN,Bledsoe
47009,37,123010,TN,Blount
47011,21,98963,TN,Bradley
47013,12,40716,TN,Campbell
47015,-1,13801,TN,Cannon
47017,-1,28522,TN,Carroll
47019,13,57424,TN,Carter
47021,11,39105,TN,Cheatham
47023,-1,17131,TN,Chester
47025,11,32213,TN,Claiborne
47027,-1,7861,TN,Clay
47029,-1,35662,TN,Cocke
47031,-1,52796,TN,Coffee
47033,-1,14586,TN,Crockett
47035,13,56053,TN,Cumberland
47037,103,626681,TN,Davidson
47039,-1,11757,TN,Decatur
47041,-1,18723,TN,DeKalb
47043,-1,49666,TN,Dickson
47045,-1,38335,TN,Dyer
47047,-1,38413,TN,Fayette
47049,-1,17959,TN,Fentress
47051,-1,41052,TN,Franklin
47053,-1,49683,TN,Gibson
47055,-1,29485,TN,Giles
47057,-1,22657,TN,Grainger
47059,12,68831,TN,Greene
47061,-1,13703,TN,Grundy
47063,20,62544,TN,Hamblen
47065,34,336463,TN,Hamilton
47067,-1,6819,TN,Hancock
47069,-1,27253,TN,Hardeman
47071,-1,26026,TN,Hardin
47073,13,56833,TN,Hawkins
47075,-1,18787,TN,Haywood
47077,-1,27769,TN,Henderson
47079,-1,32330,TN,Henry
47081,-1,24690,TN,Hickman
47083,-1,8426,TN,Houston
47085,-1,18538,TN,Humphreys
47087,-1,11638,TN,Jackson
47089,-1,51407,TN,Jefferson
47091,-1,18244,TN,Johnson
47093,94,432226,TN,Knox
47095,-1,7832,TN,Lake
47097,-1,27815,TN,Lauderdale
47099,-1,41869,TN,Lawrence
47101,-1,12161,TN,Lewis
47103,-1,33361,TN,Lincoln
47105,-1,48556,TN,Loudon
47107,18,52266,TN,McMinn
47109,-1,26075,TN,McNairy
47111,-1,22248,TN,Macon
47113,-1,98294,TN,Madison
47115,-1,28237,TN,Marion
47117,-1,30617,TN,Marshall
47119,15,80956,TN,Maury
47121,-1,11753,TN,Meigs
47123,10,44519,TN,Monroe
47125,19,172331,TN,Montgomery
47127,-1,6362,TN,Moore
47129,-1,21987,TN,Morgan
47131,-1,31807,TN,Obion
47133,-1,22083,TN,Overton
47135,-1,7915,TN,Perry
47137,-1,5077,TN,Pickett
47139,-1,16825,TN,Polk
47141,12,72321,TN,Putnam
47143,12,31809,TN,Rhea
47145,19,54181,TN,Roane
47147,-1,66283,TN,Robertson
47149,29,262604,TN,Rutherford
47151,-1,22228,TN,Scott
47153,-1,14112,TN,Sequatchie
47155,25,89889,TN,Sevier
47157,135,927644,TN,Shelby
47159,-1,19166,TN,Smith
47161,-1,13324,TN,Stewart
47163,25,156823,TN,Sullivan
47165,20,160645,TN,Sumner
47167,-1,61081,TN,Tipton
47169,-1,7870,TN,Trousdale
47171,-1,18313,TN,Unicoi
47173,-1,19109,TN,Union
47175,-1,5548,TN,Van Buren
47177,-1,39839,TN,Warren
47179,25,122979,TN,Washington
47181,-1,17021,TN,Wayne
47183,-1,35021,TN,Weakley
47185,-1,25841,TN,White
47187,11,183182,TN,Williamson
47189,19,113993,TN,Wilson
48001,-1,58458,TX,Anderson
48003,-1,14786,TX,Andrews
48005,-1,86771,TX,Angelina
48007,-1,23158,TX,Aransas
48009,-1,9054,TX,Archer
48011,-1,1901,TX,Armstrong
48013,-1,44911,TX,Atascosa
48015,-1,28417,TX,Austin
48017,-1,7165,TX,Bailey
48019,-1,20485,TX,Bandera
48021,-1,74171,TX,Bastrop
48023,-1,3726,TX,Baylor
48025,-1,31861,TX,Bee
48027,26,310235,TX,Bell
48029,195,1714773,TX,Bexar
48031,-1,10497,TX,Blanco
48033,-1,641,TX,Borden
48035,-1,18212,TX,Bosque
48037,-1,92565,TX,Bowie
48039,27,313166,TX,Brazoria
48041,13,194851,TX,Brazos
48043,-1,9232,TX,Brewster
48045,-1,1637,TX,Briscoe
48047,-1,7223,TX,Brooks
48049,-1,38106,TX,Brown
48051,-1,17187,TX,Burleson
48053,-1,42750,TX,Burnet
48055,-1,38066,TX,Caldwell
48057,-1,21381,TX,Calhoun
48059,-1,13544,TX,Callahan
48061,14,406220,TX,Cameron
48063,-1,12401,TX,Camp
48065,-1,6182,TX,Carson
48067,-1,30464,TX,Cass
48069,-1,8062,TX,Castro
48071,-1,35096,TX,Chambers
48073,-1,50845,TX,Cherokee
48075,-1,7041,TX,Childress
48077,-1,10752,TX,Clay
48079,-1,3127,TX,Cochran
48081,-1,3320,TX,Coke
48083,-1,8895,TX,Coleman
48085,59,782341,TX,Collin
48087,-1,3057,TX,Collingsworth
48089,-1,20874,TX,Colorado
48091,20,108472,TX,Comal
48093,-1,13974,TX,Comanche
48095,-1,4087,TX,Concho
48097,-1,38437,TX,Cooke
48099,-1,75388,TX,Coryell
48101,-1,1505,TX,Cottle
48103,-1,4375,TX,Crane
48105,-1,3719,TX,Crockett
48107,-1,6059,TX,Crosby
48109,-1,2398,TX,Culberson
48111,-1,6703,TX,Dallam
48113,213,2368139,TX,Dallas
48115,-1,13833,TX,Dawson
48117,-1,19372,TX,Deaf Smith
48119,-1,5231,TX,Delta
48121,53,662614,TX,Denton
48123,-1,20097,TX,DeWitt
48125,-1,2444,TX,Dickens
48127,-1,9996,TX,Dimmit
48129,-1,3677,TX,Donley
48131,-1,11782,TX,Duval
48133,-1,18583,TX,Eastland
48135,15,137130,TX,Ector
48137,-1,2002,TX,Edwards
48139,12,149610,TX,Ellis
48141,55,800647,TX,El Paso
48143,-1,37890,TX,Erath
48145,-1,17866,TX,Falls
48147,-1,33915,TX,Fannin
48149,-1,24554,TX,Fayette
48151,-1,3974,TX,Fisher
48153,-1,6446,TX,Floyd
48155,-1,1336,TX,Foard
48157,34,585375,TX,Fort Bend
48159,-1,10605,TX,Franklin
48161,-1,19816,TX,Freestone
48163,-1,17217,TX,Frio
48165,-1,17526,TX,Gaines
48167,55,291309,TX,Galveston
48169,-1,6461,TX,Garza
48171,-1,24837,TX,Gillespie
48173,-1,1226,TX,Glasscock
48175,-1,7210,TX,Goliad
48177,-1,19807,TX,Gonzales
48179,-1,22535,TX,Gray
48181,18,120877,TX,Grayson
48183,-1,121730,TX,Gregg
48185,-1,26604,TX,Grimes
48187,12,131533,TX,Guadalupe
48189,-1,36273,TX,Hale
48191,-1,3353,TX,Hall
48193,-1,8517,TX,Hamilton
48195,-1,5613,TX,Hansford
48197,-1,4139,TX,Hardeman
48199,12,54635,TX,Hardin
48201,446,4092459,TX,Harris
48203,-1,65631,TX,Harrison
48205,-1,6062,TX,Hartley
48207,-1,5899,TX,Haskell
48209,16,157107,TX,Hays
48211,-1,3807,TX,Hemphill
48213,12,78532,TX,Henderson
48215,17,774769,TX,Hidalgo
48217,-1,35089,TX,Hill
48219,-1,22935,TX,Hockley
48221,-1,51182,TX,Hood
48223,10,35161,TX,Hopkins
48225,-1,23732,TX,Houston
48227,-1,35012,TX,Howard
48229,-1,3476,TX,Hudspeth
48231,11,86129,TX,Hunt
48233,-1,22150,TX,Hutchinson
48235,-1,1599,TX,Irion
48237,-1,9044,TX,Jack
48239,-1,14075,TX,Jackson
48241,-1,35710,TX,Jasper
48243,-1,2342,TX,Jeff Davis
48245,38,252273,TX,Jefferson
48247,-1,5300,TX,Jim Hogg
48249,-1,40838,TX,Jim Wells
48251,13,150934,TX,Johnson
48253,-1,20202,TX,Jones
48255,-1,14824,TX,Karnes
48257,-1,103350,TX,Kaufman
48259,-1,33410,TX,Kendall
48261,-1,416,TX,Kenedy
48263,-1,808,TX,Kent
48265,-1,49625,TX,Kerr
48267,-1,4607,TX,Kimble
48269,-1,286,TX,King
48271,-1,3598,TX,Kinney
48273,-1,32061,TX,Kleberg
48275,-1,3719,TX,Knox
48277,-1,49793,TX,Lamar
48279,-1,13977,TX,Lamb
48281,-1,19677,TX,Lampasas
48283,-1,6886,TX,La Salle
48285,-1,19263,TX,Lavaca
48287,-1,16612,TX,Lee
48289,-1,16801,TX,Leon
48291,15,75643,TX,Liberty
48293,-1,23384,TX,Limestone
48295,-1,3302,TX,Lipscomb
48297,-1,11531,TX,Live Oak
48299,-1,19301,TX,Llano
48301,-1,82,TX,Loving
48303,24,278831,TX,Lubbock
48305,-1,5915,TX,Lynn
48307,-1,8283,TX,McCulloch
48309,21,234906,TX,McLennan
48311,-1,707,TX,McMullen
48313,-1,13664,TX,Madison
48315,-1,10546,TX,Marion
48317,-1,4799,TX,Martin
48319,-1,4012,TX,Mason
48321,-1,36702,TX,Matagorda
48323,-1,54258,TX,Maverick
48325,-1,46006,TX,Medina
48327,-1,2242,TX,Menard
48329,13,136872,TX,Midland
48331,-1,24757,TX,Milam
48333,-1,4936,TX,Mills
48335,-1,9403,TX,Mitchell
48337,-1,19719,TX,Montague
48339,39,455746,TX,Montgomery
48341,-1,21904,TX,Moore
48343,-1,12934,TX,Morris
48345,-1,1210,TX,Motley
48347,-1,64524,TX,Nacogdoches
48349,-1,47735,TX,Navarro
48351,-1,14445,TX,Newton
48353,-1,15216,TX,Nolan
48355,51,340223,TX,Nueces
48357,-1,10223,TX,Ochiltree
48359,-1,2052,TX,Oldham
48361,26,81837,TX,Orange
48363,-1,28111,TX,Palo Pinto
48365,-1,23796,TX,Panola
48367,19,116927,TX,Parker
48369,-1,10269,TX,Parmer
48371,-1,15507,TX,Pecos
48373,11,45413,TX,Polk
48375,10,121073,TX,Potter
48377,-1,7818,TX,Presidio
48379,-1,10914,TX,Rains
48381,-1,120725,TX,Randall
48383,-1,3367,TX,Reagan
48385,-1,3309,TX,Real
48387,-1,12860,TX,Red River
48389,-1,13783,TX,Reeves
48391,-1,7383,TX,Refugio
48393,-1,929,TX,Roberts
48395,-1,16622,TX,Robertson
48397,-1,78337,TX,Rockwall
48399,-1,10501,TX,Runnels
48401,-1,53330,TX,Rusk
48403,-1,10834,TX,Sabine
48405,-1,8865,TX,San Augustine
48407,-1,26384,TX,San Jacinto
48409,13,64804,TX,San Patricio
48411,-1,6131,TX,San Saba
48413,-1,3461,TX,Schleicher
48415,-1,16921,TX,Scurry
48417,-1,3378,TX,Shackelford
48419,-1,25448,TX,Shelby
48421,-1,3034,TX,Sherman
48423,21,209714,TX,Smith
48425,-1,8490,TX,Somervell
48427,-1,60968,TX,Starr
48429,-1,9630,TX,Stephens
48431,-1,1143,TX,Sterling
48433,-1,1490,TX,Stonewall
48435,-1,4128,TX,Sutton
48437,-1,7854,TX,Swisher
48439,140,1809034,TX,Tarrant
48441,14,131506,TX,Taylor
48443,-1,984,TX,Terrell
48445,-1,12651,TX,Terry
48447,-1,1641,TX,Throckmorton
48449,-1,32334,TX,Titus
48451,21,110224,TX,Tom Green
48453,120,1024266,TX,Travis
48455,-1,14585,TX,Trinity
48457,-1,21766,TX,Tyler
48459,-1,39309,TX,Upshur
48461,-1,3355,TX,Upton
48463,-1,26405,TX,Uvalde
48465,-1,48879,TX,Val Verde
48467,-1,52579,TX,Van Zandt
48469,-1,86793,TX,Victoria
48471,-1,67861,TX,Walker
48473,-1,43205,TX,Waller
48475,-1,10658,TX,Ward
48477,-1,33718,TX,Washington
48479,28,250304,TX,Webb
48481,-1,41280,TX,Wharton
48483,-1,5410,TX,Wheeler
48485,21,131500,TX,Wichita
48487,-1,13535,TX,Wilbarger
48489,-1,22134,TX,Willacy
48491,32,422679,TX,Williamson
48493,-1,42918,TX,Wilson
48495,-1,7110,TX,Winkler
48497,10,59127,TX,Wise
48499,-1,41964,TX,Wood
48501,-1,7879,TX,Yoakum
48503,-1,18550,TX,Young
48505,-1,14018,TX,Zapata
48507,-1,11677,TX,Zavala
49001,-1,6629,UT,Beaver
49003,-1,49975,UT,Box Elder
49005,-1,112656,UT,Cache
49007,-1,21403,UT,Carbon
49009,-1,1059,UT,Daggett
49011,42,306479,UT,Davis
49013,-1,18607,UT,Duchesne
49015,-1,10976,UT,Emery
49017,-1,5172,UT,Garfield
49019,-1,9225,UT,Grand
49021,-1,46163,UT,Iron
49023,-1,10246,UT,Juab
49025,-1,7125,UT,Kane
49027,-1,12503,UT,Millard
49029,-1,9469,UT,Morgan
49031,-1,1556,UT,Piute
49033,-1,2264,UT,Rich
49035,168,1029655,UT,Salt Lake
49037,-1,14746,UT,San Juan
49039,-1,27822,UT,Sanpete
49041,-1,20802,UT,Sevier
49043,-1,36324,UT,Summit
49045,10,58218,UT,Tooele
49047,-1,32588,UT,Uintah
49049,75,516564,UT,Utah
49051,-1,23530,UT,Wasatch
49053,23,138115,UT,Washington
49055,-1,2778,UT,Wayne
49057,45,231236,UT,Weber
50001,-1,36821,VT,Addison
50003,-1,37125,VT,Bennington
50005,-1,31227,VT,Caledonia
50007,14,156545,VT,Chittenden
50009,-1,6306,VT,Essex
50011,-1,47746,VT,Franklin
50013,-1,6970,VT,Grand Isle
50015,-1,24475,VT,Lamoille
50017,-1,28936,VT,Orange
50019,-1,27231,VT,Orleans
50021,-1,61642,VT,Rutland
50023,-1,59534,VT,Washington
50025,-1,44513,VT,Windham
50027,-1,56670,VT,Windsor
51001,-1,33164,VA,Accomack
51003,-1,98970,VA,Albemarle
51005,-1,16250,VA,Alleghany
51007,-1,12690,VA,Amelia
51009,-1,32353,VA,Amherst
51011,-1,14973,VA,Appomattox
51013,-1,207627,VA,Arlington
51015,-1,73750,VA,Augusta
51017,-1,4731,VA,Bath
51019,11,68676,VA,Bedford
51021,-1,6824,VA,Bland
51023,-1,33148,VA,Botetourt
51025,-1,17434,VA,Brunswick
51027,-1,24098,VA,Buchanan
51029,-1,17146,VA,Buckingham
51031,-1,54842,VA,Campbell
51033,-1,28545,VA,Caroline
51035,-1,30042,VA,Carroll
51036,-1,7256,VA,Charles City
51037,-1,12586,VA,Charlotte
51041,23,316236,VA,Chesterfield
51043,-1,14034,VA,Clarke
51045,-1,5190,VA,Craig
51047,-1,46689,VA,Culpeper
51049,-1,10052,VA,Cumberland
51051,-1,15903,VA,Dickenson
51053,-1,28001,VA,Dinwiddie
51057,-1,11151,VA,Essex
51059,38,1081726,VA,Fairfax
51061,-1,65203,VA,Fauquier
51063,-1,15279,VA,Floyd
51065,-1,25691,VA,Fluvanna
51067,-1,56159,VA,Franklin
51069,-1,78305,VA,Frederick
51071,-1,17286,VA,Giles
51073,-1,36858,VA,Gloucester
51075,-1,21717,VA,Goochland
51077,-1,15533,VA,Grayson
51079,-1,18403,VA,Greene
51081,-1,12243,VA,Greensville
51083,-1,36241,VA,Halifax
51085,-1,99863,VA,Hanover
51087,24,306935,VA,Henrico
51089,-1,54151,VA,Henry
51091,-1,2321,VA,Highland
51093,-1,35270,VA,Isle of Wight
51095,-1,67009,VA,James City
51097,-1,6945,VA,King and Queen
51099,-1,23584,VA,King George
51101,-1,15935,VA,King William
51103,-1,11391,VA,Lancaster
51105,-1,25587,VA,Lee
51107,11,312311,VA,Loudoun
51109,-1,33153,VA,Louisa
51111,-1,12914,VA,Lunenburg
51113,-1,13308,VA,Madison
51115,-1,8978,VA,Mathews
51117,-1,32727,VA,Mecklenburg
51119,-1,10959,VA,Middlesex
51121,-1,94392,VA,Montgomery
51125,-1,15020,VA,Nelson
51127,-1,18429,VA,New Kent
51131,-1,12389,VA,Northampton
51133,-1,12330,VA,Northumberland
51135,-1,15853,VA,Nottoway
51137,-1,33481,VA,Orange
51139,-1,24042,VA,Page
51141,-1,18490,VA,Patrick
51143,-1,63506,VA,Pittsylvania
51145,-1,28046,VA,Powhatan
51147,-1,23368,VA,Prince Edward
51149,-1,35725,VA,Prince George
51153,19,402002,VA,Prince William
51155,-1,34872,VA,Pulaski
51157,-1,7373,VA,Rappahannock
51159,-1,9254,VA,Richmond
51161,11,92376,VA,Roanoke
51163,-1,22307,VA,Rockbridge
51165,-1,76314,VA,Rockingham
51167,14,28897,VA,Russell
51169,-1,23177,VA,Scott
51171,-1,41993,VA,Shenandoah
51173,-1,32208,VA,Smyth
51175,-1,18570,VA,Southampton
51177,-1,122397,VA,Spotsylvania
51179,-1,128961,VA,Stafford
51181,-1,7058,VA,Surry
51183,-1,12087,VA,Sussex
51185,13,45078,VA,Tazewell
51187,-1,37575,VA,Warren
51191,-1,54876,VA,Washington
51193,-1,17454,VA,Westmoreland
51195,13,41452,VA,Wise
51197,-1,29235,VA,Wythe
51199,-1,65464,VA,York
51510,-1,139966,VA,Alexandr
51515,-1,6222,VA,Bedfo
51520,-1,17835,VA,Brist
51530,-1,6650,VA,Buena Vis
51540,-1,43475,VA,Charlottesvil
51550,17,222209,VA,Chesapea
51560,Missing,Missing,VA,Clifton For
51570,-1,17411,VA,Colonial Heigh
51580,-1,5961,VA,Covingt
51590,-1,43055,VA,Danvil
51595,-1,5927,VA,Empor
51600,-1,22565,VA,Fairf
51610,-1,12332,VA,Falls Chur
51620,-1,8582,VA,Frankl
51630,-1,24286,VA,Fredericksbu
51640,-1,7042,VA,Gal
51650,14,137436,VA,Hampt
51660,-1,48914,VA,Harrisonbu
51670,-1,22591,VA,Hopewe
51678,-1,7042,VA,Lexingt
51680,-1,75568,VA,Lynchbu
51683,-1,37821,VA,Manass
51685,-1,14273,VA,Manassas Pa
51690,-1,13821,VA,Martinsvil
51700,13,180719,VA,Newport Ne
51710,16,242803,VA,Norfo
51720,-1,3958,VA,Nort
51730,-1,32420,VA,Petersbu
51735,-1,12150,VA,Poquos
51740,-1,95535,VA,Portsmou
51750,-1,16408,VA,Radfo
51760,18,204214,VA,Richmo
51770,13,97032,VA,Roano
51775,-1,24802,VA,Sal
51790,-1,23746,VA,Staunt
51800,-1,84585,VA,Suffo
51810,24,437994,VA,Virginia Bea
51820,-1,21006,VA,Waynesbo
51830,-1,14068,VA,Williamsbu
51840,-1,26203,VA,Winchest
53001,-1,18728,WA,Adams
53003,-1,21623,WA,Asotin
53005,13,175177,WA,Benton
53007,12,72453,WA,Chelan
53009,13,71404,WA,Clallam
53011,53,425363,WA,Clark
53013,-1,4078,WA,Columbia
53015,18,102410,WA,Cowlitz
53017,-1,38431,WA,Douglas
53019,-1,7551,WA,Ferry
53021,-1,78163,WA,Franklin
53023,-1,2266,WA,Garfield
53025,12,89120,WA,Grant
53027,14,72797,WA,Grays Harbor
53029,-1,78506,WA,Island
53031,-1,29872,WA,Jefferson
53033,247,1931249,WA,King
53035,32,251133,WA,Kitsap
53037,-1,40915,WA,Kittitas
53039,-1,20318,WA,Klickitat
53041,13,75455,WA,Lewis
53043,-1,10570,WA,Lincoln
53045,-1,60699,WA,Mason
53047,-1,41120,WA,Okanogan
53049,-1,20920,WA,Pacific
53051,-1,13001,WA,Pend Oreille
53053,121,795225,WA,Pierce
53055,-1,15769,WA,San Juan
53057,18,116901,WA,Skagit
53059,-1,11066,WA,Skamania
53061,113,713335,WA,Snohomish
53063,79,471221,WA,Spokane
53065,-1,43531,WA,Stevens
53067,27,252264,WA,Thurston
53069,-1,3978,WA,Wahkiakum
53071,-1,58781,WA,Walla Walla
53073,22,201140,WA,Whatcom
53075,-1,44776,WA,Whitman
53077,26,243231,WA,Yakima
54001,-1,16589,WV,Barbour
54003,20,104169,WV,Berkeley
54005,17,24629,WV,Boone
54007,-1,14523,WV,Braxton
54009,-1,24069,WV,Brooke
54011,29,96319,WV,Cabell
54013,-1,7627,WV,Calhoun
54015,-1,9386,WV,Clay
54017,-1,8202,WV,Doddridge
54019,15,46039,WV,Fayette
54021,-1,8693,WV,Gilmer
54023,-1,11937,WV,Grant
54025,11,35480,WV,Greenbrier
54027,-1,23964,WV,Hampshire
54029,11,30676,WV,Hancock
54031,-1,14025,WV,Hardy
54033,19,69099,WV,Harrison
54035,-1,29211,WV,Jackson
54037,-1,53498,WV,Jefferson
54039,49,193063,WV,Kanawha
54041,-1,16372,WV,Lewis
54043,13,21720,WV,Lincoln
54045,21,36743,WV,Logan
54047,24,22113,WV,McDowell
54049,-1,56418,WV,Marion
54051,10,33107,WV,Marshall
54053,-1,27324,WV,Mason
54055,32,62264,WV,Mercer
54057,-1,28212,WV,Mineral
54059,14,26839,WV,Mingo
54061,-1,96189,WV,Monongalia
54063,-1,13502,WV,Monroe
54065,-1,17541,WV,Morgan
54067,-1,26233,WV,Nicholas
54069,-1,44443,WV,Ohio
54071,-1,7695,WV,Pendleton
54073,-1,7605,WV,Pleasants
54075,-1,8719,WV,Pocahontas
54077,-1,33520,WV,Preston
54079,10,55486,WV,Putnam
54081,45,78859,WV,Raleigh
54083,-1,29405,WV,Randolph
54085,-1,10449,WV,Ritchie
54087,-1,14926,WV,Roane
54089,10,13927,WV,Summers
54091,-1,16895,WV,Taylor
54093,-1,7141,WV,Tucker
54095,-1,9208,WV,Tyler
54097,-1,24254,WV,Upshur
54099,17,42481,WV,Wayne
54101,-1,9154,WV,Webster
54103,-1,16583,WV,Wetzel
54105,-1,5717,WV,Wirt
54107,-1,86956,WV,Wood
54109,26,23796,WV,Wyoming
55001,-1,20875,WI,Adams
55003,-1,16157,WI,Ashland
55005,-1,45870,WI,Barron
55007,-1,15014,WI,Bayfield
55009,16,248007,WI,Brown
55011,-1,13587,WI,Buffalo
55013,-1,15457,WI,Burnett
55015,-1,48971,WI,Calumet
55017,-1,62415,WI,Chippewa
55019,-1,34690,WI,Clark
55021,-1,56833,WI,Columbia
55023,-1,16644,WI,Crawford
55025,58,488073,WI,Dane
55027,12,88759,WI,Dodge
55029,-1,27785,WI,Door
55031,-1,44159,WI,Douglas
55033,-1,43857,WI,Dunn
55035,-1,98736,WI,Eau Claire
55037,-1,4423,WI,Florence
55039,15,101633,WI,Fond du Lac
55041,-1,9304,WI,Forest
55043,-1,51208,WI,Grant
55045,-1,36842,WI,Green
55047,-1,19051,WI,Green Lake
55049,-1,23687,WI,Iowa
55051,-1,5916,WI,Iron
55053,-1,20449,WI,Jackson
55055,-1,83686,WI,Jefferson
55057,-1,26664,WI,Juneau
55059,38,166426,WI,Kenosha
55061,-1,20574,WI,Kewaunee
55063,14,114638,WI,La Crosse
55065,-1,16836,WI,Lafayette
55067,-1,19977,WI,Langlade
55069,-1,28743,WI,Lincoln
55071,14,81442,WI,Manitowoc
55073,-1,134063,WI,Marathon
55075,-1,41749,WI,Marinette
55077,-1,15404,WI,Marquette
55078,-1,4232,WI,Menominee
55079,164,947735,WI,Milwaukee
55081,-1,44673,WI,Monroe
55083,-1,37660,WI,Oconto
55085,-1,35998,WI,Oneida
55087,13,176695,WI,Outagamie
55089,-1,86395,WI,Ozaukee
55091,-1,7469,WI,Pepin
55093,-1,41019,WI,Pierce
55095,-1,44205,WI,Polk
55097,-1,70019,WI,Portage
55099,-1,14159,WI,Price
55101,18,195408,WI,Racine
55103,-1,18021,WI,Richland
55105,24,160331,WI,Rock
55107,-1,14755,WI,Rusk
55109,-1,84345,WI,St. Croix
55111,-1,61976,WI,Sauk
55113,-1,16557,WI,Sawyer
55115,-1,41949,WI,Shawano
55117,-1,115507,WI,Sheboygan
55119,-1,20689,WI,Taylor
55121,-1,28816,WI,Trempealeau
55123,-1,29773,WI,Vernon
55125,-1,21430,WI,Vilas
55127,16,102228,WI,Walworth
55129,-1,15911,WI,Washburn
55131,13,131887,WI,Washington
55133,49,389891,WI,Waukesha
55135,-1,52410,WI,Waupaca
55137,-1,24496,WI,Waushara
55139,16,166994,WI,Winnebago
55141,10,74749,WI,Wood
56001,-1,36299,WY,Albany
56003,-1,11668,WY,Big Horn
56005,-1,46133,WY,Campbell
56007,-1,15885,WY,Carbon
56009,-1,13833,WY,Converse
56011,-1,7083,WY,Crook
56013,-1,40123,WY,Fremont
56015,-1,13249,WY,Goshen
56017,-1,4812,WY,Hot Springs
56019,-1,8569,WY,Johnson
56021,14,91738,WY,Laramie
56023,-1,18106,WY,Lincoln
56025,14,75450,WY,Natrona
56027,-1,2484,WY,Niobrara
56029,-1,28205,WY,Park
56031,-1,8667,WY,Platte
56033,-1,29116,WY,Sheridan
56035,-1,10247,WY,Sublette
56037,-1,43806,WY,Sweetwater
56039,-1,21294,WY,Teton
56041,-1,21118,WY,Uinta
56043,-1,8533,WY,Washakie
56045,-1,7208,WY,Weston
