county_id,state,county,2006
01001,AL,Autauga,8.0
01003,AL,Baldwin,15.0
01005,AL,Barbour,1.0
01007,AL,Bibb,19.0
01009,AL,Blount,18.0
01011,AL,Bullock,1.0
01013,AL,Butler,9.0
01015,AL,Calhoun,12.0
01017,AL,Chambers,10.0
01019,AL,Cherokee,17.0
01021,AL,Chilton,19.0
01023,AL,Choctaw,1.0
01025,AL,Clarke,1.0
01027,AL,Clay,1.0
01029,AL,Cleburne,11.0
01031,AL,Coffee,6.0
01033,AL,Colbert,5.0
01035,AL,Conecuh,1.0
01037,AL,Coosa,1.0
01039,AL,Covington,5.0
01041,AL,Crenshaw,1.0
01043,AL,Cullman,10.0
01045,AL,Dale,8.0
01047,AL,Dallas,5.0
01049,AL,DeKalb,16.0
01051,AL,Elmore,7.0
01053,AL,Escambia,26.0
01055,AL,Etowah,13.0
01057,AL,Fayette,17.0
01059,AL,Franklin,18.0
01061,AL,Geneva,7.0
01063,AL,Greene,2.0
01065,AL,Hale,1.0
01067,AL,Henry,9.0
01069,AL,Houston,11.0
01071,AL,Jackson,12.0
01073,AL,Jefferson,12.0
01075,AL,Lamar,11.0
01077,AL,Lauderdale,12.0
01079,AL,Lawrence,16.0
01081,AL,Lee,6.0
01083,AL,Limestone,12.0
01085,AL,Lowndes,1.0
01087,AL,Macon,1.0
01089,AL,Madison,7.0
01091,AL,Marengo,1.0
01093,AL,Marion,0.0
01095,AL,Marshall,10.0
01097,AL,Mobile,13.0
01099,AL,Monroe,7.0
01101,AL,Montgomery,6.0
01103,AL,Morgan,17.0
01105,AL,Perry,1.0
01107,AL,Pickens,9.0
01109,AL,Pike,8.0
01111,AL,Randolph,11.0
01113,AL,Russell,13.0
01115,AL,St. Clair,15.0
01117,AL,Shelby,16.0
01119,AL,Sumter,1.0
01121,AL,Talladega,10.0
01123,AL,Tallapoosa,7.0
01125,AL,Tuscaloosa,15.0
01127,AL,Walker,41.0
01129,AL,Washington,1.0
01131,AL,Wilcox,1.0
01133,AL,Winston,10.0
02013,AK,Aleutians East ,5.0
02016,AK,Aleutians West Cens,3.0
02020,AK,Anchorage ,17.0
02050,AK,Bethel Cens,1.0
02060,AK,Bristol Bay ,14.0
02068,AK,Denali ,8.0
02070,AK,Dillingham Cens,3.0
02090,AK,Fairbanks North Star ,12.0
02100,AK,Haines ,6.0
02105,AK,Hoonah-Angoon Cens,-100000.0
02110,AK,Juneau ,16.0
02122,AK,Kenai Peninsula ,16.0
02130,AK,Ketchikan Gateway ,13.0
02150,AK,Kodiak Island ,11.0
02164,AK,Lake and Peninsula ,9.0
02170,AK,Matanuska-Susitna ,19.0
02180,AK,Nome Cens,2.0
02185,AK,North Slope ,2.0
02188,AK,Northwest Arctic ,2.0
02195,AK,Petersburg Borough/Cens,-100000.0
02198,AK,Prince of Wales-Hyder Cens,-100000.0
02201,AK,Prince of Wales-Outer Ketchikan Cens,2.0
02220,AK,Sitka ,2.0
02230,AK,Skagway Munic,-100000.0
02232,AK,Skagway-Hoonah-Angoon Cens,5.0
02240,AK,Southeast Fairbanks Cens,2.0
02261,AK,Valdez-Cordova Cens,1.0
02270,AK,Wade Hampton Cens,2.0
02275,AK,Wrangell City and ,-100000.0
02280,AK,Wrangell-Petersburg Cens,2.0
02282,AK,Yakutat ,22.0
02290,AK,Yukon-Koyukuk Cens,3.0
04001,AZ,Apache,7.0
04003,AZ,Cochise,14.0
04005,AZ,Coconino,11.0
04007,AZ,Gila,19.0
04009,AZ,Graham,17.0
04011,AZ,Greenlee,2.0
04012,AZ,La Paz,16.0
04013,AZ,Maricopa,15.0
04015,AZ,Mohave,23.0
04017,AZ,Navajo,15.0
04019,AZ,Pima,19.0
04021,AZ,Pinal,12.0
04023,AZ,Santa Cruz,6.0
04025,AZ,Yavapai,21.0
04027,AZ,Yuma,11.0
05001,AR,Arkansas,1.0
05003,AR,Ashley,12.0
05005,AR,Baxter,13.0
05007,AR,Benton,12.0
05009,AR,Boone,16.0
05011,AR,Bradley,1.0
05013,AR,Calhoun,3.0
05015,AR,Carroll,21.0
05017,AR,Chicot,1.0
05019,AR,Clark,6.0
05021,AR,Clay,1.0
05023,AR,Cleburne,12.0
05025,AR,Cleveland,2.0
05027,AR,Columbia,6.0
05029,AR,Conway,19.0
05031,AR,Craighead,14.0
05033,AR,Crawford,22.0
05035,AR,Crittenden,8.0
05037,AR,Cross,10.0
05039,AR,Dallas,2.0
05041,AR,Desha,1.0
05043,AR,Drew,10.0
05045,AR,Faulkner,12.0
05047,AR,Franklin,17.0
05049,AR,Fulton,17.0
05051,AR,Garland,23.0
05053,AR,Grant,1.0
05055,AR,Greene,16.0
05057,AR,Hempstead,8.0
05059,AR,Hot Spring,9.0
05061,AR,Howard,1.0
05063,AR,Independence,12.0
05065,AR,Izard,22.0
05067,AR,Jackson,14.0
05069,AR,Jefferson,5.0
05071,AR,Johnson,12.0
05073,AR,Lafayette,2.0
05075,AR,Lawrence,12.0
05077,AR,Lee,1.0
05079,AR,Lincoln,1.0
05081,AR,Little River,13.0
05083,AR,Logan,16.0
05085,AR,Lonoke,10.0
05087,AR,Madison,1.0
05089,AR,Marion,13.0
05091,AR,Miller,6.0
05093,AR,Mississippi,10.0
05095,AR,Monroe,2.0
05097,AR,Montgomery,2.0
05099,AR,Nevada,2.0
05101,AR,Newton,22.0
05103,AR,Ouachita,8.0
05105,AR,Perry,1.0
05107,AR,Phillips,6.0
05109,AR,Pike,1.0
05111,AR,Poinsett,16.0
05113,AR,Polk,18.0
05115,AR,Pope,10.0
05117,AR,Prairie,2.0
05119,AR,Pulaski,11.0
05121,AR,Randolph,15.0
05123,AR,St. Francis,6.0
05125,AR,Saline,13.0
05127,AR,Scott,1.0
05129,AR,Searcy,2.0
05131,AR,Sebastian,18.0
05133,AR,Sevier,14.0
05135,AR,Sharp,16.0
05137,AR,Stone,1.0
05139,AR,Union,14.0
05141,AR,Van Buren,1.0
05143,AR,Washington,8.0
05145,AR,White,9.0
05147,AR,Woodruff,2.0
05149,AR,Yell,14.0
06001,CA,Alameda,10.0
06003,CA,Alpine,12.0
06005,CA,Amador,26.0
06007,CA,Butte,33.0
06009,CA,Calaveras,18.0
06011,CA,Colusa,1.0
06013,CA,Contra Costa,10.0
06015,CA,Del Norte,12.0
06017,CA,El Dorado,20.0
06019,CA,Fresno,10.0
06021,CA,Glenn,18.0
06023,CA,Humboldt,35.0
06025,CA,Imperial,10.0
06027,CA,Inyo,9.0
06029,CA,Kern,16.0
06031,CA,Kings,8.0
06033,CA,Lake,40.0
06035,CA,Lassen,31.0
06037,CA,Los Angeles,7.0
06039,CA,Madera,10.0
06041,CA,Marin,13.0
06043,CA,Mariposa,23.0
06045,CA,Mendocino,19.0
06047,CA,Merced,10.0
06049,CA,Modoc,27.0
06051,CA,Mono,1.0
06053,CA,Monterey,10.0
06055,CA,Napa,10.0
06057,CA,Nevada,16.0
06059,CA,Orange,10.0
06061,CA,Placer,11.0
06063,CA,Plumas,30.0
06065,CA,Riverside,11.0
06067,CA,Sacramento,16.0
06069,CA,San Benito,8.0
06071,CA,San Bernardino,6.0
06073,CA,San Diego,12.0
06075,CA,San Francisco,21.0
06077,CA,San Joaquin,16.0
06079,CA,San Luis Obispo,13.0
06081,CA,San Mateo,8.0
06083,CA,Santa Barbara,11.0
06085,CA,Santa Clara,7.0
06087,CA,Santa Cruz,16.0
06089,CA,Shasta,29.0
06091,CA,Sierra,4.0
06093,CA,Siskiyou,20.0
06095,CA,Solano,10.0
06097,CA,Sonoma,13.0
06099,CA,Stanislaus,16.0
06101,CA,Sutter,13.0
06103,CA,Tehama,14.0
06105,CA,Trinity,22.0
06107,CA,Tulare,7.0
06109,CA,Tuolumne,26.0
06111,CA,Ventura,12.0
06113,CA,Yolo,8.0
06115,CA,Yuba,6.0
08001,CO,Adams,18.0
08003,CO,Alamosa,16.0
08005,CO,Arapahoe,16.0
08007,CO,Archuleta,1.0
08009,CO,Baca,4.0
08011,CO,Bent,2.0
08013,CO,Boulder,13.0
08014,CO,Broomfield,11.0
08015,CO,Chaffee,14.0
08017,CO,Cheyenne,8.0
08019,CO,Clear Creek,2.0
08021,CO,Conejos,28.0
08023,CO,Costilla,4.0
08025,CO,Crowley,2.0
08027,CO,Custer,3.0
08029,CO,Delta,16.0
08031,CO,Denver,25.0
08033,CO,Dolores,7.0
08035,CO,Douglas,8.0
08037,CO,Eagle,8.0
08039,CO,Elbert,11.0
08041,CO,El Paso,14.0
08043,CO,Fremont,16.0
08045,CO,Garfield,14.0
08047,CO,Gilpin,3.0
08049,CO,Grand,10.0
08051,CO,Gunnison,1.0
08053,CO,Hinsdale,17.0
08055,CO,Huerfano,23.0
08057,CO,Jackson,10.0
08059,CO,Jefferson,12.0
08061,CO,Kiowa,10.0
08063,CO,Kit Carson,2.0
08065,CO,Lake,2.0
08067,CO,La Plata,14.0
08069,CO,Larimer,14.0
08071,CO,Las Animas,21.0
08073,CO,Lincoln,3.0
08075,CO,Logan,12.0
08077,CO,Mesa,15.0
08079,CO,Mineral,19.0
08081,CO,Moffat,15.0
08083,CO,Montezuma,10.0
08085,CO,Montrose,10.0
08087,CO,Morgan,11.0
08089,CO,Otero,14.0
08091,CO,Ouray,3.0
08093,CO,Park,11.0
08095,CO,Phillips,3.0
08097,CO,Pitkin,10.0
08099,CO,Prowers,11.0
08101,CO,Pueblo,16.0
08103,CO,Rio Blanco,2.0
08105,CO,Rio Grande,20.0
08107,CO,Routt,10.0
08109,CO,Saguache,2.0
08111,CO,San Juan,21.0
08113,CO,San Miguel,2.0
08115,CO,Sedgwick,6.0
08117,CO,Summit,10.0
08119,CO,Teller,17.0
08121,CO,Washington,3.0
08123,CO,Weld,10.0
08125,CO,Yuma,1.0
09001,CT,Fairfield,9.0
09003,CT,Hartford,11.0
09005,CT,Litchfield,12.0
09007,CT,Middlesex,13.0
09009,CT,New Haven,14.0
09011,CT,New London,13.0
09013,CT,Tolland,8.0
09015,CT,Windham,13.0
10001,DE,Kent,14.0
10003,DE,New Castle,14.0
10005,DE,Sussex,15.0
11001,DC,District of C,12.0
12001,FL,Alachua,9.0
12003,FL,Baker,20.0
12005,FL,Bay,14.0
12007,FL,Bradford,24.0
12009,FL,Brevard,22.0
12011,FL,Broward,15.0
12013,FL,Calhoun,12.0
12015,FL,Charlotte,5.0
12017,FL,Citrus,22.0
12019,FL,Clay,15.0
12021,FL,Collier,15.0
12023,FL,Columbia,18.0
12027,FL,DeSoto,5.0
12029,FL,Dixie,26.0
12031,FL,Duval,17.0
12033,FL,Escambia,12.0
12035,FL,Flagler,11.0
12037,FL,Franklin,14.0
12039,FL,Gadsden,4.0
12041,FL,Gilchrist,13.0
12043,FL,Glades,15.0
12045,FL,Gulf,15.0
12047,FL,Hamilton,10.0
12049,FL,Hardee,6.0
12051,FL,Hendry,12.0
12053,FL,Hernando,25.0
12055,FL,Highlands,13.0
12057,FL,Hillsborough,19.0
12059,FL,Holmes,21.0
12061,FL,Indian River,19.0
12063,FL,Jackson,7.0
12065,FL,Jefferson,1.0
12067,FL,Lafayette,2.0
12069,FL,Lake,11.0
12071,FL,Lee,15.0
12073,FL,Leon,5.0
12075,FL,Levy,18.0
12077,FL,Liberty,2.0
12079,FL,Madison,1.0
12081,FL,Manatee,20.0
12083,FL,Marion,16.0
12085,FL,Martin,18.0
12086,FL,Miami-Dade,5.0
12087,FL,Monroe,24.0
12089,FL,Nassau,20.0
12091,FL,Okaloosa,13.0
12093,FL,Okeechobee,27.0
12095,FL,Orange,12.0
12097,FL,Osceola,11.0
12099,FL,Palm Beach,18.0
12101,FL,Pasco,31.0
12103,FL,Pinellas,27.0
12105,FL,Polk,16.0
12107,FL,Putnam,16.0
12109,FL,St. Johns,9.0
12111,FL,St. Lucie,17.0
12113,FL,Santa Rosa,16.0
12115,FL,Sarasota,21.0
12117,FL,Seminole,14.0
12119,FL,Sumter,7.0
12121,FL,Suwannee,16.0
12123,FL,Taylor,10.0
12125,FL,Union,10.0
12127,FL,Volusia,19.0
12129,FL,Wakulla,10.0
12131,FL,Walton,19.0
12133,FL,Washington,17.0
13001,GA,Appling,9.0
13003,GA,Atkinson,2.0
13005,GA,Bacon,13.0
13007,GA,Baker,4.0
13009,GA,Baldwin,6.0
13011,GA,Banks,17.0
13013,GA,Barrow,15.0
13015,GA,Bartow,15.0
13017,GA,Ben Hill,1.0
13019,GA,Berrien,1.0
13021,GA,Bibb,9.0
13023,GA,Bleckley,1.0
13025,GA,Brantley,22.0
13027,GA,Brooks,1.0
13029,GA,Bryan,7.0
13031,GA,Bulloch,7.0
13033,GA,Burke,7.0
13035,GA,Butts,20.0
13037,GA,Calhoun,2.0
13039,GA,Camden,10.0
13043,GA,Candler,1.0
13045,GA,Carroll,20.0
13047,GA,Catoosa,19.0
13049,GA,Charlton,1.0
13051,GA,Chatham,9.0
13053,GA,Chattahoochee,1.0
13055,GA,Chattooga,20.0
13057,GA,Cherokee,11.0
13059,GA,Clarke,8.0
13061,GA,Clay,4.0
13063,GA,Clayton,8.0
13065,GA,Clinch,2.0
13067,GA,Cobb,10.0
13069,GA,Coffee,13.0
13071,GA,Colquitt,10.0
13073,GA,Columbia,9.0
13075,GA,Cook,1.0
13077,GA,Coweta,10.0
13079,GA,Crawford,18.0
13081,GA,Crisp,1.0
13083,GA,Dade,11.0
13085,GA,Dawson,16.0
13087,GA,Decatur,1.0
13089,GA,DeKalb,6.0
13091,GA,Dodge,16.0
13093,GA,Dooly,1.0
13095,GA,Dougherty,8.0
13097,GA,Douglas,10.0
13099,GA,Early,1.0
13101,GA,Echols,4.0
13103,GA,Effingham,9.0
13105,GA,Elbert,13.0
13107,GA,Emanuel,6.0
13109,GA,Evans,1.0
13111,GA,Fannin,23.0
13113,GA,Fayette,8.0
13115,GA,Floyd,16.0
13117,GA,Forsyth,10.0
13119,GA,Franklin,21.0
13121,GA,Fulton,11.0
13123,GA,Gilmer,13.0
13125,GA,Glascock,5.0
13127,GA,Glynn,14.0
13129,GA,Gordon,14.0
13131,GA,Grady,6.0
13133,GA,Greene,1.0
13135,GA,Gwinnett,6.0
13137,GA,Habersham,12.0
13139,GA,Hall,12.0
13141,GA,Hancock,1.0
13143,GA,Haralson,32.0
13145,GA,Harris,7.0
13147,GA,Hart,15.0
13149,GA,Heard,17.0
13151,GA,Henry,12.0
13153,GA,Houston,8.0
13155,GA,Irwin,1.0
13157,GA,Jackson,17.0
13159,GA,Jasper,1.0
13161,GA,Jeff Davis,26.0
13163,GA,Jefferson,9.0
13165,GA,Jenkins,2.0
13167,GA,Johnson,1.0
13169,GA,Jones,11.0
13171,GA,Lamar,14.0
13173,GA,Lanier,1.0
13175,GA,Laurens,12.0
13177,GA,Lee,7.0
13179,GA,Liberty,8.0
13181,GA,Lincoln,2.0
13183,GA,Long,10.0
13185,GA,Lowndes,5.0
13187,GA,Lumpkin,12.0
13189,GA,McDuffie,9.0
13191,GA,McIntosh,10.0
13193,GA,Macon,1.0
13195,GA,Madison,17.0
13197,GA,Marion,2.0
13199,GA,Meriwether,14.0
13201,GA,Miller,2.0
13205,GA,Mitchell,6.0
13207,GA,Monroe,8.0
13209,GA,Montgomery,2.0
13211,GA,Morgan,1.0
13213,GA,Murray,26.0
13215,GA,Muscogee,9.0
13217,GA,Newton,10.0
13219,GA,Oconee,9.0
13221,GA,Oglethorpe,17.0
13223,GA,Paulding,17.0
13225,GA,Peach,11.0
13227,GA,Pickens,13.0
13229,GA,Pierce,13.0
13231,GA,Pike,1.0
13233,GA,Polk,20.0
13235,GA,Pulaski,1.0
13237,GA,Putnam,10.0
13239,GA,Quitman,6.0
13241,GA,Rabun,21.0
13243,GA,Randolph,2.0
13245,GA,Richmond,13.0
13247,GA,Rockdale,12.0
13249,GA,Schley,3.0
13251,GA,Screven,1.0
13253,GA,Seminole,2.0
13255,GA,Spalding,14.0
13257,GA,Stephens,24.0
13259,GA,Stewart,2.0
13261,GA,Sumter,0.0
13263,GA,Talbot,2.0
13265,GA,Taliaferro,8.0
13267,GA,Tattnall,12.0
13269,GA,Taylor,2.0
13271,GA,Telfair,9.0
13273,GA,Terrell,1.0
13275,GA,Thomas,4.0
13277,GA,Tift,0.0
13279,GA,Toombs,10.0
13281,GA,Towns,29.0
13283,GA,Treutlen,2.0
13285,GA,Troup,11.0
13287,GA,Turner,2.0
13289,GA,Twiggs,2.0
13291,GA,Union,14.0
13293,GA,Upson,13.0
13295,GA,Walker,16.0
13297,GA,Walton,10.0
13299,GA,Ware,16.0
13301,GA,Warren,2.0
13303,GA,Washington,7.0
13305,GA,Wayne,22.0
13307,GA,Webster,5.0
13309,GA,Wheeler,2.0
13311,GA,White,18.0
13313,GA,Whitfield,14.0
13315,GA,Wilcox,2.0
13317,GA,Wilkes,1.0
13319,GA,Wilkinson,1.0
13321,GA,Worth,1.0
15001,HI,Hawaii,12.0
15003,HI,Honolulu,10.0
15005,HI,Kalawao,148.0
15007,HI,Kauai,9.0
15009,HI,Maui,10.0
16001,ID,Ada,12.0
16003,ID,Adams,4.0
16005,ID,Bannock,16.0
16007,ID,Bear Lake,2.0
16009,ID,Benewah,2.0
16011,ID,Bingham,8.0
16013,ID,Blaine,11.0
16015,ID,Boise,2.0
16017,ID,Bonner,8.0
16019,ID,Bonneville,14.0
16021,ID,Boundary,16.0
16023,ID,Butte,5.0
16025,ID,Camas,13.0
16027,ID,Canyon,7.0
16029,ID,Caribou,2.0
16031,ID,Cassia,1.0
16033,ID,Clark,15.0
16035,ID,Clearwater,2.0
16037,ID,Custer,3.0
16039,ID,Elmore,8.0
16041,ID,Franklin,1.0
16043,ID,Fremont,1.0
16045,ID,Gem,22.0
16047,ID,Gooding,1.0
16049,ID,Idaho,1.0
16051,ID,Jefferson,7.0
16053,ID,Jerome,9.0
16055,ID,Kootenai,10.0
16057,ID,Latah,6.0
16059,ID,Lemhi,2.0
16061,ID,Lewis,4.0
16063,ID,Lincoln,3.0
16065,ID,Madison,0.0
16067,ID,Minidoka,9.0
16069,ID,Nez Perce,14.0
16071,ID,Oneida,3.0
16073,ID,Owyhee,1.0
16075,ID,Payette,11.0
16077,ID,Power,2.0
16079,ID,Shoshone,17.0
16081,ID,Teton,1.0
16083,ID,Twin Falls,12.0
16085,ID,Valley,1.0
16087,ID,Washington,1.0
17001,IL,Adams,10.0
17003,IL,Alexander,2.0
17005,IL,Bond,1.0
17007,IL,Boone,8.0
17009,IL,Brown,2.0
17011,IL,Bureau,11.0
17013,IL,Calhoun,3.0
17015,IL,Carroll,1.0
17017,IL,Cass,1.0
17019,IL,Champaign,9.0
17021,IL,Christian,10.0
17023,IL,Clark,13.0
17025,IL,Clay,1.0
17027,IL,Clinton,5.0
17029,IL,Coles,8.0
17031,IL,Cook,11.0
17033,IL,Crawford,12.0
17035,IL,Cumberland,1.0
17037,IL,DeKalb,6.0
17039,IL,De Witt,15.0
17041,IL,Douglas,1.0
17043,IL,DuPage,9.0
17045,IL,Edgar,8.0
17047,IL,Edwards,21.0
17049,IL,Effingham,11.0
17051,IL,Fayette,13.0
17053,IL,Ford,10.0
17055,IL,Franklin,17.0
17057,IL,Fulton,12.0
17059,IL,Gallatin,3.0
17061,IL,Greene,11.0
17063,IL,Grundy,17.0
17065,IL,Hamilton,2.0
17067,IL,Hancock,1.0
17069,IL,Hardin,33.0
17071,IL,Henderson,2.0
17073,IL,Henry,6.0
17075,IL,Iroquois,13.0
17077,IL,Jackson,8.0
17079,IL,Jasper,1.0
17081,IL,Jefferson,10.0
17083,IL,Jersey,17.0
17085,IL,Jo Daviess,11.0
17087,IL,Johnson,1.0
17089,IL,Kane,7.0
17091,IL,Kankakee,11.0
17093,IL,Kendall,8.0
17095,IL,Knox,11.0
17097,IL,Lake,12.0
17099,IL,LaSalle,20.0
17101,IL,Lawrence,18.0
17103,IL,Lee,12.0
17105,IL,Livingston,18.0
17107,IL,Logan,6.0
17109,IL,McDonough,4.0
17111,IL,McHenry,11.0
17113,IL,McLean,11.0
17115,IL,Macon,7.0
17117,IL,Macoupin,7.0
17119,IL,Madison,18.0
17121,IL,Marion,17.0
17123,IL,Marshall,1.0
17125,IL,Mason,12.0
17127,IL,Massac,16.0
17129,IL,Menard,1.0
17131,IL,Mercer,1.0
17133,IL,Monroe,11.0
17135,IL,Montgomery,11.0
17137,IL,Morgan,7.0
17139,IL,Moultrie,1.0
17141,IL,Ogle,6.0
17143,IL,Peoria,14.0
17145,IL,Perry,11.0
17147,IL,Piatt,1.0
17149,IL,Pike,1.0
17151,IL,Pope,3.0
17153,IL,Pulaski,2.0
17155,IL,Putnam,2.0
17157,IL,Randolph,13.0
17159,IL,Richland,1.0
17161,IL,Rock Island,9.0
17163,IL,St. Clair,11.0
17165,IL,Saline,23.0
17167,IL,Sangamon,10.0
17169,IL,Schuyler,2.0
17171,IL,Scott,3.0
17173,IL,Shelby,8.0
17175,IL,Stark,2.0
17177,IL,Stephenson,9.0
17179,IL,Tazewell,13.0
17181,IL,Union,11.0
17183,IL,Vermilion,15.0
17185,IL,Wabash,1.0
17187,IL,Warren,1.0
17189,IL,Washington,1.0
17191,IL,Wayne,1.0
17193,IL,White,17.0
17195,IL,Whiteside,8.0
17197,IL,Will,10.0
17199,IL,Williamson,16.0
17201,IL,Winnebago,19.0
17203,IL,Woodford,7.0
18001,IN,Adams,8.0
18003,IN,Allen,10.0
18005,IN,Bartholomew,14.0
18007,IN,Benton,2.0
18009,IN,Blackford,23.0
18011,IN,Boone,10.0
18013,IN,Brown,14.0
18015,IN,Carroll,10.0
18017,IN,Cass,4.0
18019,IN,Clark,18.0
18021,IN,Clay,13.0
18023,IN,Clinton,14.0
18025,IN,Crawford,1.0
18027,IN,Daviess,14.0
18029,IN,Dearborn,18.0
18031,IN,Decatur,14.0
18033,IN,De Kalb,12.0
18035,IN,Delaware,16.0
18037,IN,Dubois,5.0
18039,IN,Elkhart,9.0
18041,IN,Fayette,20.0
18043,IN,Floyd,15.0
18045,IN,Fountain,9.0
18047,IN,Franklin,20.0
18049,IN,Fulton,7.0
18051,IN,Gibson,8.0
18053,IN,Grant,21.0
18055,IN,Greene,18.0
18057,IN,Hamilton,8.0
18059,IN,Hancock,13.0
18061,IN,Harrison,9.0
18063,IN,Hendricks,10.0
18065,IN,Henry,30.0
18067,IN,Howard,28.0
18069,IN,Huntington,15.0
18071,IN,Jackson,14.0
18073,IN,Jasper,12.0
18075,IN,Jay,11.0
18077,IN,Jefferson,14.0
18079,IN,Jennings,22.0
18081,IN,Johnson,13.0
18083,IN,Knox,14.0
18085,IN,Kosciusko,11.0
18087,IN,Lagrange,0.0
18089,IN,Lake,6.0
18091,IN,La Porte,13.0
18093,IN,Lawrence,14.0
18095,IN,Madison,28.0
18097,IN,Marion,16.0
18099,IN,Marshall,9.0
18101,IN,Martin,1.0
18103,IN,Miami,10.0
18105,IN,Monroe,15.0
18107,IN,Montgomery,24.0
18109,IN,Morgan,20.0
18111,IN,Newton,1.0
18113,IN,Noble,12.0
18115,IN,Ohio,2.0
18117,IN,Orange,1.0
18119,IN,Owen,12.0
18121,IN,Parke,9.0
18123,IN,Perry,12.0
18125,IN,Pike,1.0
18127,IN,Porter,14.0
18129,IN,Posey,13.0
18131,IN,Pulaski,13.0
18133,IN,Putnam,8.0
18135,IN,Randolph,10.0
18137,IN,Ripley,15.0
18139,IN,Rush,11.0
18141,IN,St. Joseph,10.0
18143,IN,Scott,41.0
18145,IN,Shelby,17.0
18147,IN,Spencer,7.0
18149,IN,Starke,39.0
18151,IN,Steuben,7.0
18153,IN,Sullivan,28.0
18155,IN,Switzerland,23.0
18157,IN,Tippecanoe,11.0
18159,IN,Tipton,20.0
18161,IN,Union,2.0
18163,IN,Vanderburgh,24.0
18165,IN,Vermillion,12.0
18167,IN,Vigo,16.0
18169,IN,Wabash,23.0
18171,IN,Warren,2.0
18173,IN,Warrick,8.0
18175,IN,Washington,18.0
18177,IN,Wayne,17.0
18179,IN,Wells,9.0
18181,IN,White,12.0
18183,IN,Whitley,12.0
19001,IA,Adair,2.0
19003,IA,Adams,4.0
19005,IA,Allamakee,1.0
19007,IA,Appanoose,13.0
19009,IA,Audubon,2.0
19011,IA,Benton,5.0
19013,IA,Black Hawk,6.0
19015,IA,Boone,8.0
19017,IA,Bremer,6.0
19019,IA,Buchanan,1.0
19021,IA,Buena Vista,1.0
19023,IA,Butler,1.0
19025,IA,Calhoun,1.0
19027,IA,Carroll,1.0
19029,IA,Cass,1.0
19031,IA,Cedar,1.0
19033,IA,Cerro Gordo,5.0
19035,IA,Cherokee,1.0
19037,IA,Chickasaw,1.0
19039,IA,Clarke,2.0
19041,IA,Clay,1.0
19043,IA,Clayton,1.0
19045,IA,Clinton,7.0
19047,IA,Crawford,1.0
19049,IA,Dallas,5.0
19051,IA,Davis,2.0
19053,IA,Decatur,2.0
19055,IA,Delaware,1.0
19057,IA,Des Moines,9.0
19059,IA,Dickinson,1.0
19061,IA,Dubuque,6.0
19063,IA,Emmet,1.0
19065,IA,Fayette,7.0
19067,IA,Floyd,1.0
19069,IA,Franklin,1.0
19071,IA,Fremont,2.0
19073,IA,Greene,2.0
19075,IA,Grundy,1.0
19077,IA,Guthrie,1.0
19079,IA,Hamilton,1.0
19081,IA,Hancock,1.0
19083,IA,Hardin,1.0
19085,IA,Harrison,11.0
19087,IA,Henry,1.0
19089,IA,Howard,1.0
19091,IA,Humboldt,1.0
19093,IA,Ida,2.0
19095,IA,Iowa,1.0
19097,IA,Jackson,9.0
19099,IA,Jasper,12.0
19101,IA,Jefferson,9.0
19103,IA,Johnson,6.0
19105,IA,Jones,1.0
19107,IA,Keokuk,1.0
19109,IA,Kossuth,1.0
19111,IA,Lee,9.0
19113,IA,Linn,9.0
19115,IA,Louisa,1.0
19117,IA,Lucas,2.0
19119,IA,Lyon,1.0
19121,IA,Madison,1.0
19123,IA,Mahaska,8.0
19125,IA,Marion,7.0
19127,IA,Marshall,5.0
19129,IA,Mills,9.0
19131,IA,Mitchell,1.0
19133,IA,Monona,2.0
19135,IA,Monroe,2.0
19137,IA,Montgomery,16.0
19139,IA,Muscatine,6.0
19141,IA,O'Brien,1.0
19143,IA,Osceola,2.0
19145,IA,Page,1.0
19147,IA,Palo Alto,2.0
19149,IA,Plymouth,1.0
19151,IA,Pocahontas,2.0
19153,IA,Polk,11.0
19155,IA,Pottawattamie,10.0
19157,IA,Poweshiek,1.0
19159,IA,Ringgold,3.0
19161,IA,Sac,1.0
19163,IA,Scott,13.0
19165,IA,Shelby,1.0
19167,IA,Sioux,0.0
19169,IA,Story,5.0
19171,IA,Tama,1.0
19173,IA,Taylor,2.0
19175,IA,Union,1.0
19177,IA,Van Buren,2.0
19179,IA,Wapello,7.0
19181,IA,Warren,6.0
19183,IA,Washington,1.0
19185,IA,Wayne,2.0
19187,IA,Webster,15.0
19189,IA,Winnebago,1.0
19191,IA,Winneshiek,1.0
19193,IA,Woodbury,8.0
19195,IA,Worth,2.0
19197,IA,Wright,1.0
20001,KS,Allen,18.0
20003,KS,Anderson,2.0
20005,KS,Atchison,10.0
20007,KS,Barber,3.0
20009,KS,Barton,1.0
20011,KS,Bourbon,13.0
20013,KS,Brown,14.0
20015,KS,Butler,15.0
20017,KS,Chase,5.0
20019,KS,Chautauqua,4.0
20021,KS,Cherokee,14.0
20023,KS,Cheyenne,5.0
20025,KS,Clark,6.0
20027,KS,Clay,2.0
20029,KS,Cloud,2.0
20031,KS,Coffey,2.0
20033,KS,Comanche,8.0
20035,KS,Cowley,9.0
20037,KS,Crawford,14.0
20039,KS,Decatur,5.0
20041,KS,Dickinson,9.0
20043,KS,Doniphan,2.0
20045,KS,Douglas,9.0
20047,KS,Edwards,5.0
20049,KS,Elk,5.0
20051,KS,Ellis,1.0
20053,KS,Ellsworth,2.0
20055,KS,Finney,5.0
20057,KS,Ford,4.0
20059,KS,Franklin,13.0
20061,KS,Geary,12.0
20063,KS,Gove,5.0
20065,KS,Graham,5.0
20067,KS,Grant,2.0
20069,KS,Gray,2.0
20071,KS,Greeley,11.0
20073,KS,Greenwood,2.0
20075,KS,Hamilton,5.0
20077,KS,Harper,2.0
20079,KS,Harvey,7.0
20081,KS,Haskell,3.0
20083,KS,Hodgeman,7.0
20085,KS,Jackson,1.0
20087,KS,Jefferson,8.0
20089,KS,Jewell,5.0
20091,KS,Johnson,8.0
20093,KS,Kearny,4.0
20095,KS,Kingman,2.0
20097,KS,Kiowa,5.0
20099,KS,Labette,13.0
20101,KS,Lane,8.0
20103,KS,Leavenworth,12.0
20105,KS,Lincoln,4.0
20107,KS,Linn,1.0
20109,KS,Logan,5.0
20111,KS,Lyon,0.0
20113,KS,McPherson,0.0
20115,KS,Marion,1.0
20117,KS,Marshall,1.0
20119,KS,Meade,3.0
20121,KS,Miami,10.0
20123,KS,Mitchell,2.0
20125,KS,Montgomery,15.0
20127,KS,Morris,2.0
20129,KS,Morton,4.0
20131,KS,Nemaha,1.0
20133,KS,Neosho,12.0
20135,KS,Ness,5.0
20137,KS,Norton,3.0
20139,KS,Osage,12.0
20141,KS,Osborne,4.0
20143,KS,Ottawa,2.0
20145,KS,Pawnee,2.0
20147,KS,Phillips,3.0
20149,KS,Pottawatomie,7.0
20151,KS,Pratt,1.0
20153,KS,Rawlins,6.0
20155,KS,Reno,9.0
20157,KS,Republic,3.0
20159,KS,Rice,1.0
20161,KS,Riley,6.0
20163,KS,Rooks,3.0
20165,KS,Rush,4.0
20167,KS,Russell,2.0
20169,KS,Saline,10.0
20171,KS,Scott,3.0
20173,KS,Sedgwick,13.0
20175,KS,Seward,1.0
20177,KS,Shawnee,12.0
20179,KS,Sheridan,6.0
20181,KS,Sherman,2.0
20183,KS,Smith,4.0
20185,KS,Stafford,3.0
20187,KS,Stanton,7.0
20189,KS,Stevens,3.0
20191,KS,Sumner,17.0
20193,KS,Thomas,2.0
20195,KS,Trego,5.0
20197,KS,Wabaunsee,2.0
20199,KS,Wallace,10.0
20201,KS,Washington,2.0
20203,KS,Wichita,6.0
20205,KS,Wilson,15.0
20207,KS,Woodson,4.0
20209,KS,Wyandotte,12.0
21001,KY,Adair,14.0
21003,KY,Allen,15.0
21005,KY,Anderson,20.0
21007,KY,Ballard,2.0
21009,KY,Barren,7.0
21011,KY,Bath,38.0
21013,KY,Bell,52.0
21015,KY,Boone,21.0
21017,KY,Bourbon,17.0
21019,KY,Boyd,31.0
21021,KY,Boyle,14.0
21023,KY,Bracken,2.0
21025,KY,Breathitt,50.0
21027,KY,Breckinridge,13.0
21029,KY,Bullitt,14.0
21031,KY,Butler,20.0
21033,KY,Caldwell,15.0
21035,KY,Calloway,13.0
21037,KY,Campbell,32.0
21039,KY,Carlisle,3.0
21041,KY,Carroll,25.0
21043,KY,Carter,36.0
21045,KY,Casey,18.0
21047,KY,Christian,9.0
21049,KY,Clark,36.0
21051,KY,Clay,49.0
21053,KY,Clinton,45.0
21055,KY,Crittenden,15.0
21057,KY,Cumberland,29.0
21059,KY,Daviess,15.0
21061,KY,Edmonson,14.0
21063,KY,Elliott,21.0
21065,KY,Estill,37.0
21067,KY,Fayette,16.0
21069,KY,Fleming,16.0
21071,KY,Floyd,61.0
21073,KY,Franklin,11.0
21075,KY,Fulton,2.0
21077,KY,Gallatin,30.0
21079,KY,Garrard,19.0
21081,KY,Grant,25.0
21083,KY,Graves,13.0
21085,KY,Grayson,23.0
21087,KY,Green,1.0
21089,KY,Greenup,23.0
21091,KY,Hancock,2.0
21093,KY,Hardin,11.0
21095,KY,Harlan,35.0
21097,KY,Harrison,14.0
21099,KY,Hart,10.0
21101,KY,Henderson,14.0
21103,KY,Henry,9.0
21105,KY,Hickman,3.0
21107,KY,Hopkins,15.0
21109,KY,Jackson,1.0
21111,KY,Jefferson,16.0
21113,KY,Jessamine,22.0
21115,KY,Johnson,50.0
21117,KY,Kenton,30.0
21119,KY,Knott,52.0
21121,KY,Knox,40.0
21123,KY,Larue,1.0
21125,KY,Laurel,22.0
21127,KY,Lawrence,35.0
21129,KY,Lee,35.0
21131,KY,Leslie,38.0
21133,KY,Letcher,41.0
21135,KY,Lewis,21.0
21137,KY,Lincoln,25.0
21139,KY,Livingston,24.0
21141,KY,Logan,12.0
21143,KY,Lyon,2.0
21145,KY,McCracken,17.0
21147,KY,McCreary,13.0
21149,KY,McLean,18.0
21151,KY,Madison,17.0
21153,KY,Magoffin,40.0
21155,KY,Marion,16.0
21157,KY,Marshall,20.0
21159,KY,Martin,58.0
21161,KY,Mason,14.0
21163,KY,Meade,8.0
21165,KY,Menifee,25.0
21167,KY,Mercer,17.0
21169,KY,Metcalfe,1.0
21171,KY,Monroe,31.0
21173,KY,Montgomery,20.0
21175,KY,Morgan,15.0
21177,KY,Muhlenberg,18.0
21179,KY,Nelson,14.0
21181,KY,Nicholas,32.0
21183,KY,Ohio,16.0
21185,KY,Oldham,7.0
21187,KY,Owen,16.0
21189,KY,Owsley,36.0
21191,KY,Pendleton,21.0
21193,KY,Perry,45.0
21195,KY,Pike,44.0
21197,KY,Powell,58.0
21199,KY,Pulaski,18.0
21201,KY,Robertson,6.0
21203,KY,Rockcastle,36.0
21205,KY,Rowan,21.0
21207,KY,Russell,33.0
21209,KY,Scott,10.0
21211,KY,Shelby,4.0
21213,KY,Simpson,13.0
21215,KY,Spencer,9.0
21217,KY,Taylor,25.0
21219,KY,Todd,14.0
21221,KY,Trigg,13.0
21223,KY,Trimble,2.0
21225,KY,Union,25.0
21227,KY,Warren,10.0
21229,KY,Washington,15.0
21231,KY,Wayne,13.0
21233,KY,Webster,15.0
21235,KY,Whitley,41.0
21237,KY,Wolfe,47.0
21239,KY,Woodford,18.0
22001,LA,Acadia,25.0
22003,LA,Allen,11.0
22005,LA,Ascension,11.0
22007,LA,Assumption,9.0
22009,LA,Avoyelles,13.0
22011,LA,Beauregard,19.0
22013,LA,Bienville,10.0
22015,LA,Bossier,11.0
22017,LA,Caddo,11.0
22019,LA,Calcasieu,19.0
22021,LA,Caldwell,1.0
22023,LA,Cameron,2.0
22025,LA,Catahoula,19.0
22027,LA,Claiborne,1.0
22029,LA,Concordia,8.0
22031,LA,De Soto,10.0
22033,LA,East Baton Rouge,8.0
22035,LA,East Carroll,2.0
22037,LA,East Feliciana,1.0
22039,LA,Evangeline,14.0
22041,LA,Franklin,8.0
22043,LA,Grant,13.0
22045,LA,Iberia,9.0
22047,LA,Iberville,10.0
22049,LA,Jackson,1.0
22051,LA,Jefferson,22.0
22053,LA,Jefferson Davis,22.0
22055,LA,Lafayette,16.0
22057,LA,Lafourche,14.0
22059,LA,LaSalle,19.0
22061,LA,Lincoln,4.0
22063,LA,Livingston,24.0
22065,LA,Madison,1.0
22067,LA,Morehouse,9.0
22069,LA,Natchitoches,8.0
22071,LA,Orleans,15.0
22073,LA,Ouachita,11.0
22075,LA,Plaquemines,17.0
22077,LA,Pointe Coupee,11.0
22079,LA,Rapides,9.0
22081,LA,Red River,2.0
22083,LA,Richland,1.0
22085,LA,Sabine,8.0
22087,LA,St. Bernard,45.0
22089,LA,St. Charles,15.0
22091,LA,St. Helena,1.0
22093,LA,St. James,1.0
22095,LA,St. John the Baptist,13.0
22097,LA,St. Landry,16.0
22099,LA,St. Martin,12.0
22101,LA,St. Mary,14.0
22103,LA,St. Tammany,23.0
22105,LA,Tangipahoa,19.0
22107,LA,Tensas,3.0
22109,LA,Terrebonne,16.0
22111,LA,Union,1.0
22113,LA,Vermilion,11.0
22115,LA,Vernon,6.0
22117,LA,Washington,20.0
22119,LA,Webster,14.0
22121,LA,West Baton Rouge,15.0
22123,LA,West Carroll,1.0
22125,LA,West Feliciana,10.0
22127,LA,Winn,18.0
23001,ME,Androscoggin,12.0
23003,ME,Aroostook,9.0
23005,ME,Cumberland,12.0
23007,ME,Franklin,9.0
23009,ME,Hancock,11.0
23011,ME,Kennebec,13.0
23013,ME,Knox,14.0
23015,ME,Lincoln,10.0
23017,ME,Oxford,9.0
23019,ME,Penobscot,13.0
23021,ME,Piscataquis,10.0
23023,ME,Sagadahoc,7.0
23025,ME,Somerset,10.0
23027,ME,Waldo,13.0
23029,ME,Washington,16.0
23031,ME,York,13.0
24001,MD,Allegany,16.0
24003,MD,Anne Arundel,14.0
24005,MD,Baltimore,17.0
24009,MD,Calvert,14.0
24011,MD,Caroline,16.0
24013,MD,Carroll,13.0
24015,MD,Cecil,26.0
24017,MD,Charles,9.0
24019,MD,Dorchester,13.0
24021,MD,Frederick,10.0
24023,MD,Garrett,7.0
24025,MD,Harford,16.0
24027,MD,Howard,7.0
24029,MD,Kent,13.0
24031,MD,Montgomery,5.0
24033,MD,Prince George's,6.0
24035,MD,Queen Anne's,11.0
24037,MD,St. Mary's,9.0
24039,MD,Somerset,14.0
24041,MD,Talbot,9.0
24043,MD,Washington,14.0
24045,MD,Wicomico,13.0
24047,MD,Worcester,15.0
24510,MD,Baltimo,30.0
25001,MA,Barnstable,14.0
25003,MA,Berkshire,12.0
25005,MA,Bristol,19.0
25007,MA,Dukes,9.0
25009,MA,Essex,13.0
25011,MA,Franklin,10.0
25013,MA,Hampden,14.0
25015,MA,Hampshire,10.0
25017,MA,Middlesex,10.0
25019,MA,Nantucket,1.0
25021,MA,Norfolk,12.0
25023,MA,Plymouth,13.0
25025,MA,Suffolk,16.0
25027,MA,Worcester,13.0
26001,MI,Alcona,1.0
26003,MI,Alger,1.0
26005,MI,Allegan,10.0
26007,MI,Alpena,15.0
26009,MI,Antrim,16.0
26011,MI,Arenac,13.0
26013,MI,Baraga,2.0
26015,MI,Barry,10.0
26017,MI,Bay,18.0
26019,MI,Benzie,1.0
26021,MI,Berrien,14.0
26023,MI,Branch,12.0
26025,MI,Calhoun,23.0
26027,MI,Cass,11.0
26029,MI,Charlevoix,8.0
26031,MI,Cheboygan,15.0
26033,MI,Chippewa,16.0
26035,MI,Clare,19.0
26037,MI,Clinton,6.0
26039,MI,Crawford,21.0
26041,MI,Delta,6.0
26043,MI,Dickinson,7.0
26045,MI,Eaton,10.0
26047,MI,Emmet,8.0
26049,MI,Genesee,18.0
26051,MI,Gladwin,21.0
26053,MI,Gogebic,10.0
26055,MI,Grand Traverse,12.0
26057,MI,Gratiot,7.0
26059,MI,Hillsdale,9.0
26061,MI,Houghton,5.0
26063,MI,Huron,9.0
26065,MI,Ingham,11.0
26067,MI,Ionia,10.0
26069,MI,Iosco,13.0
26071,MI,Iron,1.0
26073,MI,Isabella,8.0
26075,MI,Jackson,5.0
26077,MI,Kalamazoo,12.0
26079,MI,Kalkaska,12.0
26081,MI,Kent,10.0
26083,MI,Keweenaw,7.0
26085,MI,Lake,12.0
26087,MI,Lapeer,14.0
26089,MI,Leelanau,1.0
26091,MI,Lenawee,9.0
26093,MI,Livingston,11.0
26095,MI,Luce,2.0
26097,MI,Mackinac,1.0
26099,MI,Macomb,22.0
26101,MI,Manistee,23.0
26103,MI,Marquette,11.0
26105,MI,Mason,8.0
26107,MI,Mecosta,8.0
26109,MI,Menominee,9.0
26111,MI,Midland,12.0
26113,MI,Missaukee,11.0
26115,MI,Monroe,16.0
26117,MI,Montcalm,11.0
26119,MI,Montmorency,1.0
26121,MI,Muskegon,16.0
26123,MI,Newaygo,15.0
26125,MI,Oakland,7.0
26127,MI,Oceana,11.0
26129,MI,Ogemaw,16.0
26131,MI,Ontonagon,2.0
26133,MI,Osceola,7.0
26135,MI,Oscoda,19.0
26137,MI,Otsego,17.0
26139,MI,Ottawa,9.0
26141,MI,Presque Isle,19.0
26143,MI,Roscommon,21.0
26145,MI,Saginaw,14.0
26147,MI,St. Clair,21.0
26149,MI,St. Joseph,8.0
26151,MI,Sanilac,12.0
26153,MI,Schoolcraft,18.0
26155,MI,Shiawassee,19.0
26157,MI,Tuscola,10.0
26159,MI,Van Buren,17.0
26161,MI,Washtenaw,9.0
26163,MI,Wayne,16.0
26165,MI,Wexford,17.0
27001,MN,Aitkin,11.0
27003,MN,Anoka,9.0
27005,MN,Becker,6.0
27007,MN,Beltrami,10.0
27009,MN,Benton,9.0
27011,MN,Big Stone,3.0
27013,MN,Blue Earth,4.0
27015,MN,Brown,1.0
27017,MN,Carlton,12.0
27019,MN,Carver,4.0
27021,MN,Cass,15.0
27023,MN,Chippewa,1.0
27025,MN,Chisago,8.0
27027,MN,Clay,10.0
27029,MN,Clearwater,2.0
27031,MN,Cook,3.0
27033,MN,Cottonwood,1.0
27035,MN,Crow Wing,9.0
27037,MN,Dakota,7.0
27039,MN,Dodge,1.0
27041,MN,Douglas,6.0
27043,MN,Faribault,1.0
27045,MN,Fillmore,1.0
27047,MN,Freeborn,5.0
27049,MN,Goodhue,5.0
27051,MN,Grant,2.0
27053,MN,Hennepin,9.0
27055,MN,Houston,1.0
27057,MN,Hubbard,10.0
27059,MN,Isanti,5.0
27061,MN,Itasca,10.0
27063,MN,Jackson,1.0
27065,MN,Kanabec,1.0
27067,MN,Kandiyohi,3.0
27069,MN,Kittson,3.0
27071,MN,Koochiching,1.0
27073,MN,Lac qui Parle,2.0
27075,MN,Lake,1.0
27077,MN,Lake of the Woods,3.0
27079,MN,Le Sueur,1.0
27081,MN,Lincoln,2.0
27083,MN,Lyon,1.0
27085,MN,McLeod,6.0
27087,MN,Mahnomen,3.0
27089,MN,Marshall,1.0
27091,MN,Martin,1.0
27093,MN,Meeker,1.0
27095,MN,Mille Lacs,12.0
27097,MN,Morrison,8.0
27099,MN,Mower,7.0
27101,MN,Murray,2.0
27103,MN,Nicollet,6.0
27105,MN,Nobles,1.0
27107,MN,Norman,2.0
27109,MN,Olmsted,7.0
27111,MN,Otter Tail,4.0
27113,MN,Pennington,1.0
27115,MN,Pine,7.0
27117,MN,Pipestone,1.0
27119,MN,Polk,10.0
27121,MN,Pope,1.0
27123,MN,Ramsey,11.0
27125,MN,Red Lake,3.0
27127,MN,Redwood,1.0
27129,MN,Renville,1.0
27131,MN,Rice,6.0
27133,MN,Rock,1.0
27135,MN,Roseau,1.0
27137,MN,St. Louis,10.0
27139,MN,Scott,5.0
27141,MN,Sherburne,8.0
27143,MN,Sibley,1.0
27145,MN,Stearns,7.0
27147,MN,Steele,0.0
27149,MN,Stevens,1.0
27151,MN,Swift,1.0
27153,MN,Todd,1.0
27155,MN,Traverse,4.0
27157,MN,Wabasha,10.0
27159,MN,Wadena,1.0
27161,MN,Waseca,1.0
27163,MN,Washington,6.0
27165,MN,Watonwan,1.0
27167,MN,Wilkin,2.0
27169,MN,Winona,8.0
27171,MN,Wright,5.0
27173,MN,Yellow Medicine,1.0
28001,MS,Adams,9.0
28003,MS,Alcorn,13.0
28005,MS,Amite,1.0
28007,MS,Attala,1.0
28009,MS,Benton,2.0
28011,MS,Bolivar,0.0
28013,MS,Calhoun,11.0
28015,MS,Carroll,1.0
28017,MS,Chickasaw,1.0
28019,MS,Choctaw,2.0
28021,MS,Claiborne,1.0
28023,MS,Clarke,13.0
28025,MS,Clay,1.0
28027,MS,Coahoma,7.0
28029,MS,Copiah,10.0
28031,MS,Covington,10.0
28033,MS,DeSoto,9.0
28035,MS,Forrest,8.0
28037,MS,Franklin,2.0
28039,MS,George,15.0
28041,MS,Greene,1.0
28043,MS,Grenada,6.0
28045,MS,Hancock,28.0
28047,MS,Harrison,21.0
28049,MS,Hinds,4.0
28051,MS,Holmes,1.0
28053,MS,Humphreys,2.0
28055,MS,Issaquena,10.0
28057,MS,Itawamba,20.0
28059,MS,Jackson,26.0
28061,MS,Jasper,1.0
28063,MS,Jefferson,2.0
28065,MS,Jefferson Davis,1.0
28067,MS,Jones,9.0
28069,MS,Kemper,1.0
28071,MS,Lafayette,7.0
28073,MS,Lamar,9.0
28075,MS,Lauderdale,8.0
28077,MS,Lawrence,1.0
28079,MS,Leake,1.0
28081,MS,Lee,12.0
28083,MS,Leflore,5.0
28085,MS,Lincoln,8.0
28087,MS,Lowndes,9.0
28089,MS,Madison,6.0
28091,MS,Marion,24.0
28093,MS,Marshall,5.0
28095,MS,Monroe,8.0
28097,MS,Montgomery,1.0
28099,MS,Neshoba,11.0
28101,MS,Newton,10.0
28103,MS,Noxubee,1.0
28105,MS,Oktibbeha,0.0
28107,MS,Panola,12.0
28109,MS,Pearl River,27.0
28111,MS,Perry,1.0
28113,MS,Pike,9.0
28115,MS,Pontotoc,15.0
28117,MS,Prentiss,11.0
28119,MS,Quitman,17.0
28121,MS,Rankin,15.0
28123,MS,Scott,7.0
28125,MS,Sharkey,3.0
28127,MS,Simpson,15.0
28129,MS,Smith,10.0
28131,MS,Stone,13.0
28133,MS,Sunflower,0.0
28135,MS,Tallahatchie,1.0
28137,MS,Tate,12.0
28139,MS,Tippah,6.0
28141,MS,Tishomingo,25.0
28143,MS,Tunica,1.0
28145,MS,Union,1.0
28147,MS,Walthall,12.0
28149,MS,Warren,10.0
28151,MS,Washington,3.0
28153,MS,Wayne,16.0
28155,MS,Webster,1.0
28157,MS,Wilkinson,1.0
28159,MS,Winston,10.0
28161,MS,Yalobusha,1.0
28163,MS,Yazoo,7.0
29001,MO,Adair,11.0
29003,MO,Andrew,1.0
29005,MO,Atchison,2.0
29007,MO,Audrain,13.0
29009,MO,Barry,12.0
29011,MO,Barton,13.0
29013,MO,Bates,25.0
29015,MO,Benton,19.0
29017,MO,Bollinger,1.0
29019,MO,Boone,13.0
29021,MO,Buchanan,10.0
29023,MO,Butler,24.0
29025,MO,Caldwell,18.0
29027,MO,Callaway,15.0
29029,MO,Camden,19.0
29031,MO,Cape Girardeau,12.0
29033,MO,Carroll,2.0
29035,MO,Carter,2.0
29037,MO,Cass,11.0
29039,MO,Cedar,18.0
29041,MO,Chariton,2.0
29043,MO,Christian,14.0
29045,MO,Clark,2.0
29047,MO,Clay,11.0
29049,MO,Clinton,12.0
29051,MO,Cole,11.0
29053,MO,Cooper,11.0
29055,MO,Crawford,19.0
29057,MO,Dade,2.0
29059,MO,Dallas,15.0
29061,MO,Daviess,2.0
29063,MO,DeKalb,1.0
29065,MO,Dent,30.0
29067,MO,Douglas,1.0
29069,MO,Dunklin,20.0
29071,MO,Franklin,18.0
29073,MO,Gasconade,15.0
29075,MO,Gentry,2.0
29077,MO,Greene,24.0
29079,MO,Grundy,1.0
29081,MO,Harrison,2.0
29083,MO,Henry,9.0
29085,MO,Hickory,1.0
29087,MO,Holt,3.0
29089,MO,Howard,1.0
29091,MO,Howell,21.0
29093,MO,Iron,15.0
29095,MO,Jackson,14.0
29097,MO,Jasper,14.0
29099,MO,Jefferson,20.0
29101,MO,Johnson,6.0
29103,MO,Knox,3.0
29105,MO,Laclede,4.0
29107,MO,Lafayette,9.0
29109,MO,Lawrence,15.0
29111,MO,Lewis,1.0
29113,MO,Lincoln,14.0
29115,MO,Linn,1.0
29117,MO,Livingston,12.0
29119,MO,McDonald,8.0
29121,MO,Macon,10.0
29123,MO,Madison,24.0
29125,MO,Maries,17.0
29127,MO,Marion,13.0
29129,MO,Mercer,4.0
29131,MO,Miller,10.0
29133,MO,Mississippi,1.0
29135,MO,Moniteau,1.0
29137,MO,Monroe,2.0
29139,MO,Montgomery,14.0
29141,MO,Morgan,8.0
29143,MO,New Madrid,1.0
29145,MO,Newton,12.0
29147,MO,Nodaway,1.0
29149,MO,Oregon,1.0
29151,MO,Osage,10.0
29153,MO,Ozark,21.0
29155,MO,Pemiscot,32.0
29157,MO,Perry,8.0
29159,MO,Pettis,8.0
29161,MO,Phelps,19.0
29163,MO,Pike,1.0
29165,MO,Platte,10.0
29167,MO,Polk,22.0
29169,MO,Pulaski,18.0
29171,MO,Putnam,3.0
29173,MO,Ralls,1.0
29175,MO,Randolph,11.0
29177,MO,Ray,12.0
29179,MO,Reynolds,2.0
29181,MO,Ripley,18.0
29183,MO,St. Charles,12.0
29185,MO,St. Clair,1.0
29186,MO,Ste. Genevieve,20.0
29187,MO,St. Francois,29.0
29189,MO,St. Louis,13.0
29195,MO,Saline,15.0
29197,MO,Schuyler,3.0
29199,MO,Scotland,3.0
29201,MO,Scott,12.0
29203,MO,Shannon,2.0
29205,MO,Shelby,2.0
29207,MO,Stoddard,13.0
29209,MO,Stone,13.0
29211,MO,Sullivan,2.0
29213,MO,Taney,10.0
29215,MO,Texas,9.0
29217,MO,Vernon,13.0
29219,MO,Warren,15.0
29221,MO,Washington,22.0
29223,MO,Wayne,18.0
29225,MO,Webster,14.0
29227,MO,Worth,7.0
29229,MO,Wright,9.0
29510,MO,St. Lou,22.0
30001,MT,Beaverhead,2.0
30003,MT,Big Horn,1.0
30005,MT,Blaine,2.0
30007,MT,Broadwater,3.0
30009,MT,Carbon,1.0
30011,MT,Carter,12.0
30013,MT,Cascade,13.0
30015,MT,Chouteau,2.0
30017,MT,Custer,1.0
30019,MT,Daniels,8.0
30021,MT,Dawson,2.0
30023,MT,Deer Lodge,25.0
30025,MT,Fallon,5.0
30027,MT,Fergus,14.0
30029,MT,Flathead,12.0
30031,MT,Gallatin,8.0
30033,MT,Garfield,12.0
30035,MT,Glacier,20.0
30037,MT,Golden Valley,16.0
30039,MT,Granite,5.0
30041,MT,Hill,22.0
30043,MT,Jefferson,13.0
30045,MT,Judith Basin,7.0
30047,MT,Lake,16.0
30049,MT,Lewis and Clark,13.0
30051,MT,Liberty,6.0
30053,MT,Lincoln,12.0
30055,MT,McCone,8.0
30057,MT,Madison,2.0
30059,MT,Meagher,8.0
30061,MT,Mineral,3.0
30063,MT,Missoula,16.0
30065,MT,Musselshell,3.0
30067,MT,Park,19.0
30069,MT,Petroleum,29.0
30071,MT,Phillips,3.0
30073,MT,Pondera,2.0
30075,MT,Powder River,8.0
30077,MT,Powell,22.0
30079,MT,Prairie,13.0
30081,MT,Ravalli,12.0
30083,MT,Richland,1.0
30085,MT,Roosevelt,1.0
30087,MT,Rosebud,2.0
30089,MT,Sanders,15.0
30091,MT,Sheridan,4.0
30093,MT,Silver Bow,21.0
30095,MT,Stillwater,2.0
30097,MT,Sweet Grass,4.0
30099,MT,Teton,2.0
30101,MT,Toole,3.0
30103,MT,Treasure,19.0
30105,MT,Valley,2.0
30107,MT,Wheatland,7.0
30109,MT,Wibaux,14.0
30111,MT,Yellowstone,13.0
31001,NE,Adams,0.0
31003,NE,Antelope,2.0
31005,NE,Arthur,31.0
31007,NE,Banner,20.0
31009,NE,Blaine,30.0
31011,NE,Boone,3.0
31013,NE,Box Butte,1.0
31015,NE,Boyd,7.0
31017,NE,Brown,5.0
31019,NE,Buffalo,5.0
31021,NE,Burt,2.0
31023,NE,Butler,2.0
31025,NE,Cass,6.0
31027,NE,Cedar,2.0
31029,NE,Chase,4.0
31031,NE,Cherry,2.0
31033,NE,Cheyenne,1.0
31035,NE,Clay,2.0
31037,NE,Colfax,1.0
31039,NE,Cuming,2.0
31041,NE,Custer,1.0
31043,NE,Dakota,1.0
31045,NE,Dawes,2.0
31047,NE,Dawson,1.0
31049,NE,Deuel,7.0
31051,NE,Dixon,2.0
31053,NE,Dodge,5.0
31055,NE,Douglas,8.0
31057,NE,Dundy,7.0
31059,NE,Fillmore,2.0
31061,NE,Franklin,4.0
31063,NE,Frontier,5.0
31065,NE,Furnas,3.0
31067,NE,Gage,8.0
31069,NE,Garden,7.0
31071,NE,Garfield,7.0
31073,NE,Gosper,7.0
31075,NE,Grant,22.0
31077,NE,Greeley,6.0
31079,NE,Hall,3.0
31081,NE,Hamilton,2.0
31083,NE,Harlan,4.0
31085,NE,Hayes,15.0
31087,NE,Hitchcock,5.0
31089,NE,Holt,1.0
31091,NE,Hooker,19.0
31093,NE,Howard,2.0
31095,NE,Jefferson,2.0
31097,NE,Johnson,3.0
31099,NE,Kearney,2.0
31101,NE,Keith,2.0
31103,NE,Keya Paha,17.0
31105,NE,Kimball,4.0
31107,NE,Knox,2.0
31109,NE,Lancaster,7.0
31111,NE,Lincoln,7.0
31113,NE,Logan,19.0
31115,NE,Loup,23.0
31117,NE,McPherson,27.0
31119,NE,Madison,5.0
31121,NE,Merrick,2.0
31123,NE,Morrill,3.0
31125,NE,Nance,4.0
31127,NE,Nemaha,2.0
31129,NE,Nuckolls,3.0
31131,NE,Otoe,1.0
31133,NE,Pawnee,5.0
31135,NE,Perkins,5.0
31137,NE,Phelps,2.0
31139,NE,Pierce,2.0
31141,NE,Platte,0.0
31143,NE,Polk,3.0
31145,NE,Red Willow,1.0
31147,NE,Richardson,2.0
31149,NE,Rock,9.0
31151,NE,Saline,1.0
31153,NE,Sarpy,6.0
31155,NE,Saunders,1.0
31157,NE,Scotts Bluff,4.0
31159,NE,Seward,1.0
31161,NE,Sheridan,3.0
31163,NE,Sherman,5.0
31165,NE,Sioux,11.0
31167,NE,Stanton,2.0
31169,NE,Thayer,3.0
31171,NE,Thomas,21.0
31173,NE,Thurston,2.0
31175,NE,Valley,3.0
31177,NE,Washington,1.0
31179,NE,Wayne,1.0
31181,NE,Webster,4.0
31183,NE,Wheeler,17.0
31185,NE,York,1.0
32001,NV,Churchill,25.0
32003,NV,Clark,20.0
32005,NV,Douglas,19.0
32007,NV,Elko,12.0
32009,NV,Esmeralda,18.0
32011,NV,Eureka,8.0
32013,NV,Humboldt,18.0
32015,NV,Lander,3.0
32017,NV,Lincoln,3.0
32019,NV,Lyon,14.0
32021,NV,Mineral,36.0
32023,NV,Nye,32.0
32027,NV,Pershing,2.0
32029,NV,Storey,4.0
32031,NV,Washoe,23.0
32033,NV,White Pine,28.0
32510,NV,Cars,18.0
33001,NH,Belknap,17.0
33003,NH,Carroll,15.0
33005,NH,Cheshire,12.0
33007,NH,Coos,14.0
33009,NH,Grafton,8.0
33011,NH,Hillsborough,14.0
33013,NH,Merrimack,10.0
33015,NH,Rockingham,13.0
33017,NH,Strafford,12.0
33019,NH,Sullivan,12.0
34001,NJ,Atlantic,16.0
34003,NJ,Bergen,6.0
34005,NJ,Burlington,11.0
34007,NJ,Camden,21.0
34009,NJ,Cape May,15.0
34011,NJ,Cumberland,9.0
34013,NJ,Essex,9.0
34015,NJ,Gloucester,20.0
34017,NJ,Hudson,7.0
34019,NJ,Hunterdon,6.0
34021,NJ,Mercer,7.0
34023,NJ,Middlesex,7.0
34025,NJ,Monmouth,10.0
34027,NJ,Morris,7.0
34029,NJ,Ocean,11.0
34031,NJ,Passaic,7.0
34033,NJ,Salem,17.0
34035,NJ,Somerset,5.0
34037,NJ,Sussex,9.0
34039,NJ,Union,5.0
34041,NJ,Warren,8.0
35001,NM,Bernalillo,29.0
35003,NM,Catron,4.0
35005,NM,Chaves,21.0
35006,NM,Cibola,12.0
35007,NM,Colfax,24.0
35009,NM,Curry,11.0
35011,NM,DeBaca,7.0
35013,NM,Dona Ana,17.0
35015,NM,Eddy,26.0
35017,NM,Grant,23.0
35019,NM,Guadalupe,3.0
35021,NM,Harding,20.0
35023,NM,Hidalgo,3.0
35025,NM,Lea,16.0
35027,NM,Lincoln,22.0
35028,NM,Los Alamos,13.0
35029,NM,Luna,12.0
35031,NM,McKinley,12.0
35033,NM,Mora,41.0
35035,NM,Otero,22.0
35037,NM,Quay,27.0
35039,NM,Rio Arriba,60.0
35041,NM,Roosevelt,14.0
35043,NM,Sandoval,17.0
35045,NM,San Juan,17.0
35047,NM,San Miguel,31.0
35049,NM,Santa Fe,23.0
35051,NM,Sierra,31.0
35053,NM,Socorro,22.0
35055,NM,Taos,29.0
35057,NM,Torrance,30.0
35059,NM,Union,3.0
35061,NM,Valencia,27.0
36001,NY,Albany,9.0
36003,NY,Allegany,8.0
36005,NY,Bronx,11.0
36007,NY,Broome,8.0
36009,NY,Cattaraugus,6.0
36011,NY,Cayuga,9.0
36013,NY,Chautauqua,9.0
36015,NY,Chemung,12.0
36017,NY,Chenango,6.0
36019,NY,Clinton,9.0
36021,NY,Columbia,8.0
36023,NY,Cortland,7.0
36025,NY,Delaware,10.0
36027,NY,Dutchess,13.0
36029,NY,Erie,9.0
36031,NY,Essex,6.0
36033,NY,Franklin,7.0
36035,NY,Fulton,8.0
36037,NY,Genesee,8.0
36039,NY,Greene,14.0
36041,NY,Hamilton,3.0
36043,NY,Herkimer,7.0
36045,NY,Jefferson,9.0
36047,NY,Kings,8.0
36049,NY,Lewis,6.0
36051,NY,Livingston,8.0
36053,NY,Madison,10.0
36055,NY,Monroe,9.0
36057,NY,Montgomery,0.0
36059,NY,Nassau,10.0
36061,NY,New York,9.0
36063,NY,Niagara,11.0
36065,NY,Oneida,6.0
36067,NY,Onondaga,10.0
36069,NY,Ontario,7.0
36071,NY,Orange,11.0
36073,NY,Orleans,3.0
36075,NY,Oswego,11.0
36077,NY,Otsego,7.0
36079,NY,Putnam,9.0
36081,NY,Queens,6.0
36083,NY,Rensselaer,7.0
36085,NY,Richmond,14.0
36087,NY,Rockland,6.0
36089,NY,St. Lawrence,7.0
36091,NY,Saratoga,5.0
36093,NY,Schenectady,6.0
36095,NY,Schoharie,0.0
36097,NY,Schuyler,1.0
36099,NY,Seneca,8.0
36101,NY,Steuben,8.0
36103,NY,Suffolk,14.0
36105,NY,Sullivan,19.0
36107,NY,Tioga,6.0
36109,NY,Tompkins,7.0
36111,NY,Ulster,10.0
36113,NY,Warren,6.0
36115,NY,Washington,7.0
36117,NY,Wayne,7.0
36119,NY,Westchester,8.0
36121,NY,Wyoming,4.0
36123,NY,Yates,1.0
37001,NC,Alamance,12.0
37003,NC,Alexander,24.0
37005,NC,Alleghany,19.0
37007,NC,Anson,13.0
37009,NC,Ashe,19.0
37011,NC,Avery,20.0
37013,NC,Beaufort,10.0
37015,NC,Bertie,1.0
37017,NC,Bladen,14.0
37019,NC,Brunswick,22.0
37021,NC,Buncombe,12.0
37023,NC,Burke,25.0
37025,NC,Cabarrus,12.0
37027,NC,Caldwell,20.0
37029,NC,Camden,15.0
37031,NC,Carteret,18.0
37033,NC,Caswell,13.0
37035,NC,Catawba,17.0
37037,NC,Chatham,8.0
37039,NC,Cherokee,34.0
37041,NC,Chowan,1.0
37043,NC,Clay,29.0
37045,NC,Cleveland,17.0
37047,NC,Columbus,21.0
37049,NC,Craven,12.0
37051,NC,Cumberland,12.0
37053,NC,Currituck,13.0
37055,NC,Dare,17.0
37057,NC,Davidson,17.0
37059,NC,Davie,15.0
37061,NC,Duplin,6.0
37063,NC,Durham,9.0
37065,NC,Edgecombe,9.0
37067,NC,Forsyth,12.0
37069,NC,Franklin,11.0
37071,NC,Gaston,23.0
37073,NC,Gates,1.0
37075,NC,Graham,28.0
37077,NC,Granville,10.0
37079,NC,Greene,7.0
37081,NC,Guilford,10.0
37083,NC,Halifax,7.0
37085,NC,Harnett,11.0
37087,NC,Haywood,18.0
37089,NC,Henderson,15.0
37091,NC,Hertford,1.0
37093,NC,Hoke,9.0
37095,NC,Hyde,2.0
37097,NC,Iredell,16.0
37099,NC,Jackson,18.0
37101,NC,Johnston,10.0
37103,NC,Jones,1.0
37105,NC,Lee,14.0
37107,NC,Lenoir,10.0
37109,NC,Lincoln,17.0
37111,NC,McDowell,20.0
37113,NC,Macon,20.0
37115,NC,Madison,13.0
37117,NC,Martin,14.0
37119,NC,Mecklenburg,7.0
37121,NC,Mitchell,24.0
37123,NC,Montgomery,8.0
37125,NC,Moore,11.0
37127,NC,Nash,9.0
37129,NC,New Hanover,17.0
37131,NC,Northampton,1.0
37133,NC,Onslow,11.0
37135,NC,Orange,9.0
37137,NC,Pamlico,1.0
37139,NC,Pasquotank,10.0
37141,NC,Pender,13.0
37143,NC,Perquimans,1.0
37145,NC,Person,14.0
37147,NC,Pitt,9.0
37149,NC,Polk,21.0
37151,NC,Randolph,15.0
37153,NC,Richmond,20.0
37155,NC,Robeson,11.0
37157,NC,Rockingham,19.0
37159,NC,Rowan,21.0
37161,NC,Rutherford,22.0
37163,NC,Sampson,14.0
37165,NC,Scotland,12.0
37167,NC,Stanly,19.0
37169,NC,Stokes,18.0
37171,NC,Surry,19.0
37173,NC,Swain,31.0
37175,NC,Transylvania,21.0
37177,NC,Tyrrell,3.0
37179,NC,Union,6.0
37181,NC,Vance,15.0
37183,NC,Wake,7.0
37185,NC,Warren,1.0
37187,NC,Washington,1.0
37189,NC,Watauga,12.0
37191,NC,Wayne,9.0
37193,NC,Wilkes,30.0
37195,NC,Wilson,7.0
37197,NC,Yadkin,20.0
37199,NC,Yancey,28.0
38001,ND,Adams,6.0
38003,ND,Barnes,1.0
38005,ND,Benson,2.0
38007,ND,Billings,18.0
38009,ND,Bottineau,2.0
38011,ND,Bowman,5.0
38013,ND,Burke,7.0
38015,ND,Burleigh,5.0
38017,ND,Cass,4.0
38019,ND,Cavalier,4.0
38021,ND,Dickey,3.0
38023,ND,Divide,7.0
38025,ND,Dunn,4.0
38027,ND,Eddy,6.0
38029,ND,Emmons,4.0
38031,ND,Foster,4.0
38033,ND,Golden Valley,8.0
38035,ND,Grand Forks,6.0
38037,ND,Grant,6.0
38039,ND,Griggs,6.0
38041,ND,Hettinger,6.0
38043,ND,Kidder,6.0
38045,ND,LaMoure,3.0
38047,ND,Logan,7.0
38049,ND,McHenry,3.0
38051,ND,McIntosh,5.0
38053,ND,McKenzie,2.0
38055,ND,McLean,2.0
38057,ND,Mercer,2.0
38059,ND,Morton,1.0
38061,ND,Mountrail,2.0
38063,ND,Nelson,5.0
38065,ND,Oliver,8.0
38067,ND,Pembina,2.0
38069,ND,Pierce,3.0
38071,ND,Ramsey,1.0
38073,ND,Ransom,3.0
38075,ND,Renville,6.0
38077,ND,Richland,1.0
38079,ND,Rolette,1.0
38081,ND,Sargent,4.0
38083,ND,Sheridan,11.0
38085,ND,Sioux,3.0
38087,ND,Slope,20.0
38089,ND,Stark,8.0
38091,ND,Steele,7.0
38093,ND,Stutsman,1.0
38095,ND,Towner,6.0
38097,ND,Traill,2.0
38099,ND,Walsh,1.0
38101,ND,Ward,0.0
38103,ND,Wells,3.0
38105,ND,Williams,1.0
39001,OH,Adams,26.0
39003,OH,Allen,8.0
39005,OH,Ashland,8.0
39007,OH,Ashtabula,15.0
39009,OH,Athens,16.0
39011,OH,Auglaize,7.0
39013,OH,Belmont,10.0
39015,OH,Brown,28.0
39017,OH,Butler,19.0
39019,OH,Carroll,10.0
39021,OH,Champaign,12.0
39023,OH,Clark,19.0
39025,OH,Clermont,23.0
39027,OH,Clinton,20.0
39029,OH,Columbiana,13.0
39031,OH,Coshocton,8.0
39033,OH,Crawford,19.0
39035,OH,Cuyahoga,15.0
39037,OH,Darke,13.0
39039,OH,Defiance,10.0
39041,OH,Delaware,8.0
39043,OH,Erie,12.0
39045,OH,Fairfield,10.0
39047,OH,Fayette,14.0
39049,OH,Franklin,18.0
39051,OH,Fulton,11.0
39053,OH,Gallia,16.0
39055,OH,Geauga,9.0
39057,OH,Greene,16.0
39059,OH,Guernsey,11.0
39061,OH,Hamilton,17.0
39063,OH,Hancock,8.0
39065,OH,Hardin,17.0
39067,OH,Harrison,1.0
39069,OH,Henry,1.0
39071,OH,Highland,17.0
39073,OH,Hocking,22.0
39075,OH,Holmes,0.0
39077,OH,Huron,11.0
39079,OH,Jackson,27.0
39081,OH,Jefferson,23.0
39083,OH,Knox,12.0
39085,OH,Lake,16.0
39087,OH,Lawrence,18.0
39089,OH,Licking,13.0
39091,OH,Logan,12.0
39093,OH,Lorain,11.0
39095,OH,Lucas,16.0
39097,OH,Madison,15.0
39099,OH,Mahoning,17.0
39101,OH,Marion,15.0
39103,OH,Medina,8.0
39105,OH,Meigs,14.0
39107,OH,Mercer,5.0
39109,OH,Miami,14.0
39111,OH,Monroe,1.0
39113,OH,Montgomery,27.0
39115,OH,Morgan,1.0
39117,OH,Morrow,13.0
39119,OH,Muskingum,10.0
39121,OH,Noble,1.0
39123,OH,Ottawa,10.0
39125,OH,Paulding,1.0
39127,OH,Perry,10.0
39129,OH,Pickaway,16.0
39131,OH,Pike,20.0
39133,OH,Portage,7.0
39135,OH,Preble,20.0
39137,OH,Putnam,5.0
39139,OH,Richland,12.0
39141,OH,Ross,23.0
39143,OH,Sandusky,12.0
39145,OH,Scioto,27.0
39147,OH,Seneca,8.0
39149,OH,Shelby,14.0
39151,OH,Stark,10.0
39153,OH,Summit,13.0
39155,OH,Trumbull,22.0
39157,OH,Tuscarawas,8.0
39159,OH,Union,11.0
39161,OH,Van Wert,10.0
39163,OH,Vinton,27.0
39165,OH,Warren,14.0
39167,OH,Washington,11.0
39169,OH,Wayne,6.0
39171,OH,Williams,6.0
39173,OH,Wood,7.0
39175,OH,Wyandot,8.0
40001,OK,Adair,10.0
40003,OK,Alfalfa,3.0
40005,OK,Atoka,17.0
40007,OK,Beaver,3.0
40009,OK,Beckham,17.0
40011,OK,Blaine,1.0
40013,OK,Bryan,22.0
40015,OK,Caddo,19.0
40017,OK,Canadian,11.0
40019,OK,Carter,28.0
40021,OK,Cherokee,21.0
40023,OK,Choctaw,18.0
40025,OK,Cimarron,6.0
40027,OK,Cleveland,16.0
40029,OK,Coal,27.0
40031,OK,Comanche,10.0
40033,OK,Cotton,2.0
40035,OK,Craig,21.0
40037,OK,Creek,26.0
40039,OK,Custer,10.0
40041,OK,Delaware,17.0
40043,OK,Dewey,3.0
40045,OK,Ellis,4.0
40047,OK,Garfield,12.0
40049,OK,Garvin,21.0
40051,OK,Grady,20.0
40053,OK,Grant,3.0
40055,OK,Greer,2.0
40057,OK,Harmon,5.0
40059,OK,Harper,4.0
40061,OK,Haskell,16.0
40063,OK,Hughes,13.0
40065,OK,Jackson,8.0
40067,OK,Jefferson,36.0
40069,OK,Johnston,28.0
40071,OK,Kay,14.0
40073,OK,Kingfisher,10.0
40075,OK,Kiowa,15.0
40077,OK,Latimer,27.0
40079,OK,Le Flore,21.0
40081,OK,Lincoln,14.0
40083,OK,Logan,12.0
40085,OK,Love,18.0
40087,OK,McClain,16.0
40089,OK,McCurtain,25.0
40091,OK,McIntosh,22.0
40093,OK,Major,2.0
40095,OK,Marshall,11.0
40097,OK,Mayes,21.0
40099,OK,Murray,28.0
40101,OK,Muskogee,21.0
40103,OK,Noble,14.0
40105,OK,Nowata,16.0
40107,OK,Okfuskee,14.0
40109,OK,Oklahoma,19.0
40111,OK,Okmulgee,21.0
40113,OK,Osage,13.0
40115,OK,Ottawa,18.0
40117,OK,Pawnee,31.0
40119,OK,Payne,10.0
40121,OK,Pittsburg,22.0
40123,OK,Pontotoc,28.0
40125,OK,Pottawatomie,22.0
40127,OK,Pushmataha,22.0
40129,OK,Roger Mills,4.0
40131,OK,Rogers,13.0
40133,OK,Seminole,24.0
40135,OK,Sequoyah,22.0
40137,OK,Stephens,24.0
40139,OK,Texas,14.0
40141,OK,Tillman,2.0
40143,OK,Tulsa,22.0
40145,OK,Wagoner,22.0
40147,OK,Washington,17.0
40149,OK,Washita,14.0
40151,OK,Woods,16.0
40153,OK,Woodward,11.0
41001,OR,Baker,22.0
41003,OR,Benton,6.0
41005,OR,Clackamas,11.0
41007,OR,Clatsop,20.0
41009,OR,Columbia,11.0
41011,OR,Coos,15.0
41013,OR,Crook,7.0
41015,OR,Curry,13.0
41017,OR,Deschutes,11.0
41019,OR,Douglas,13.0
41021,OR,Gilliam,8.0
41023,OR,Grant,2.0
41025,OR,Harney,2.0
41027,OR,Hood River,1.0
41029,OR,Jackson,16.0
41031,OR,Jefferson,1.0
41033,OR,Josephine,16.0
41035,OR,Klamath,14.0
41037,OR,Lake,18.0
41039,OR,Lane,15.0
41041,OR,Lincoln,20.0
41043,OR,Linn,13.0
41045,OR,Malheur,7.0
41047,OR,Marion,12.0
41049,OR,Morrow,1.0
41051,OR,Multnomah,19.0
41053,OR,Polk,9.0
41055,OR,Sherman,8.0
41057,OR,Tillamook,12.0
41059,OR,Umatilla,9.0
41061,OR,Union,12.0
41063,OR,Wallowa,2.0
41065,OR,Wasco,9.0
41067,OR,Washington,8.0
41069,OR,Wheeler,10.0
41071,OR,Yamhill,10.0
42001,PA,Adams,10.0
42003,PA,Allegheny,18.0
42005,PA,Armstrong,16.0
42007,PA,Beaver,15.0
42009,PA,Bedford,12.0
42011,PA,Berks,12.0
42013,PA,Blair,15.0
42015,PA,Bradford,12.0
42017,PA,Bucks,16.0
42019,PA,Butler,11.0
42021,PA,Cambria,23.0
42023,PA,Cameron,3.0
42025,PA,Carbon,16.0
42027,PA,Centre,7.0
42029,PA,Chester,11.0
42031,PA,Clarion,9.0
42033,PA,Clearfield,11.0
42035,PA,Clinton,11.0
42037,PA,Columbia,9.0
42039,PA,Crawford,14.0
42041,PA,Cumberland,9.0
42043,PA,Dauphin,10.0
42045,PA,Delaware,22.0
42047,PA,Elk,14.0
42049,PA,Erie,13.0
42051,PA,Fayette,17.0
42053,PA,Forest,2.0
42055,PA,Franklin,9.0
42057,PA,Fulton,12.0
42059,PA,Greene,21.0
42061,PA,Huntingdon,6.0
42063,PA,Indiana,15.0
42065,PA,Jefferson,11.0
42067,PA,Juniata,8.0
42069,PA,Lackawanna,19.0
42071,PA,Lancaster,9.0
42073,PA,Lawrence,17.0
42075,PA,Lebanon,6.0
42077,PA,Lehigh,14.0
42079,PA,Luzerne,17.0
42081,PA,Lycoming,8.0
42083,PA,Mc Kean,12.0
42085,PA,Mercer,17.0
42087,PA,Mifflin,8.0
42089,PA,Monroe,14.0
42091,PA,Montgomery,14.0
42093,PA,Montour,1.0
42095,PA,Northampton,12.0
42097,PA,Northumberland,10.0
42099,PA,Perry,9.0
42101,PA,Philadelphia,26.0
42103,PA,Pike,15.0
42105,PA,Potter,12.0
42107,PA,Schuylkill,18.0
42109,PA,Snyder,5.0
42111,PA,Somerset,12.0
42113,PA,Sullivan,2.0
42115,PA,Susquehanna,13.0
42117,PA,Tioga,5.0
42119,PA,Union,4.0
42121,PA,Venango,16.0
42123,PA,Warren,11.0
42125,PA,Washington,13.0
42127,PA,Wayne,15.0
42129,PA,Westmoreland,19.0
42131,PA,Wyoming,16.0
42133,PA,York,12.0
44001,RI,Bristol,12.0
44003,RI,Kent,19.0
44005,RI,Newport,10.0
44007,RI,Providence,18.0
44009,RI,Washington,13.0
45001,SC,Abbeville,6.0
45003,SC,Aiken,16.0
45005,SC,Allendale,1.0
45007,SC,Anderson,18.0
45009,SC,Bamberg,13.0
45011,SC,Barnwell,11.0
45013,SC,Beaufort,9.0
45015,SC,Berkeley,10.0
45017,SC,Calhoun,1.0
45019,SC,Charleston,13.0
45021,SC,Cherokee,16.0
45023,SC,Chester,8.0
45025,SC,Chesterfield,12.0
45027,SC,Clarendon,6.0
45029,SC,Colleton,17.0
45031,SC,Darlington,11.0
45033,SC,Dillon,7.0
45035,SC,Dorchester,9.0
45037,SC,Edgefield,8.0
45039,SC,Fairfield,7.0
45041,SC,Florence,9.0
45043,SC,Georgetown,12.0
45045,SC,Greenville,17.0
45047,SC,Greenwood,11.0
45049,SC,Hampton,11.0
45051,SC,Horry,14.0
45053,SC,Jasper,9.0
45055,SC,Kershaw,13.0
45057,SC,Lancaster,14.0
45059,SC,Laurens,15.0
45061,SC,Lee,1.0
45063,SC,Lexington,14.0
45065,SC,McCormick,1.0
45067,SC,Marion,8.0
45069,SC,Marlboro,8.0
45071,SC,Newberry,8.0
45073,SC,Oconee,25.0
45075,SC,Orangeburg,7.0
45077,SC,Pickens,25.0
45079,SC,Richland,9.0
45081,SC,Saluda,1.0
45083,SC,Spartanburg,21.0
45085,SC,Sumter,5.0
45087,SC,Union,13.0
45089,SC,Williamsburg,5.0
45091,SC,York,12.0
46003,SD,Aurora,5.0
46005,SD,Beadle,1.0
46007,SD,Bennett,4.0
46009,SD,Bon Homme,2.0
46011,SD,Brookings,0.0
46013,SD,Brown,0.0
46015,SD,Brule,3.0
46017,SD,Buffalo,7.0
46019,SD,Butte,1.0
46021,SD,Campbell,10.0
46023,SD,Charles Mix,2.0
46025,SD,Clark,4.0
46027,SD,Clay,1.0
46029,SD,Codington,1.0
46031,SD,Corson,4.0
46033,SD,Custer,2.0
46035,SD,Davison,1.0
46037,SD,Day,3.0
46039,SD,Deuel,3.0
46041,SD,Dewey,3.0
46043,SD,Douglas,5.0
46045,SD,Edmunds,4.0
46047,SD,Fall River,2.0
46049,SD,Faulk,6.0
46051,SD,Grant,2.0
46053,SD,Gregory,3.0
46055,SD,Haakon,7.0
46057,SD,Hamlin,2.0
46059,SD,Hand,4.0
46061,SD,Hanson,4.0
46063,SD,Harding,11.0
46065,SD,Hughes,1.0
46067,SD,Hutchinson,2.0
46069,SD,Hyde,10.0
46071,SD,Jackson,5.0
46073,SD,Jerauld,7.0
46075,SD,Jones,14.0
46077,SD,Kingsbury,3.0
46079,SD,Lake,1.0
46081,SD,Lawrence,7.0
46083,SD,Lincoln,4.0
46085,SD,Lyman,4.0
46087,SD,McCook,3.0
46089,SD,McPherson,6.0
46091,SD,Marshall,3.0
46093,SD,Meade,8.0
46095,SD,Mellette,7.0
46097,SD,Miner,6.0
46099,SD,Minnehaha,7.0
46101,SD,Moody,2.0
46103,SD,Pennington,10.0
46105,SD,Perkins,5.0
46107,SD,Potter,6.0
46109,SD,Roberts,1.0
46111,SD,Sanborn,6.0
46113,SD,Shannon,1.0
46115,SD,Spink,2.0
46117,SD,Stanley,5.0
46119,SD,Sully,10.0
46121,SD,Todd,1.0
46123,SD,Tripp,3.0
46125,SD,Turner,2.0
46127,SD,Union,1.0
46129,SD,Walworth,3.0
46135,SD,Yankton,1.0
46137,SD,Ziebach,5.0
47001,TN,Anderson,21.0
47003,TN,Bedford,17.0
47005,TN,Benton,38.0
47007,TN,Bledsoe,17.0
47009,TN,Blount,20.0
47011,TN,Bradley,20.0
47013,TN,Campbell,32.0
47015,TN,Cannon,21.0
47017,TN,Carroll,23.0
47019,TN,Carter,20.0
47021,TN,Cheatham,25.0
47023,TN,Chester,14.0
47025,TN,Claiborne,28.0
47027,TN,Clay,33.0
47029,TN,Cocke,21.0
47031,TN,Coffee,16.0
47033,TN,Crockett,11.0
47035,TN,Cumberland,17.0
47037,TN,Davidson,16.0
47039,TN,Decatur,22.0
47041,TN,DeKalb,27.0
47043,TN,Dickson,14.0
47045,TN,Dyer,9.0
47047,TN,Fayette,12.0
47049,TN,Fentress,33.0
47051,TN,Franklin,19.0
47053,TN,Gibson,15.0
47055,TN,Giles,19.0
47057,TN,Grainger,25.0
47059,TN,Greene,22.0
47061,TN,Grundy,27.0
47063,TN,Hamblen,27.0
47065,TN,Hamilton,13.0
47067,TN,Hancock,42.0
47069,TN,Hardeman,10.0
47071,TN,Hardin,26.0
47073,TN,Hawkins,26.0
47075,TN,Haywood,1.0
47077,TN,Henderson,19.0
47079,TN,Henry,26.0
47081,TN,Hickman,18.0
47083,TN,Houston,26.0
47085,TN,Humphreys,12.0
47087,TN,Jackson,34.0
47089,TN,Jefferson,20.0
47091,TN,Johnson,11.0
47093,TN,Knox,21.0
47095,TN,Lake,2.0
47097,TN,Lauderdale,12.0
47099,TN,Lawrence,24.0
47101,TN,Lewis,19.0
47103,TN,Lincoln,11.0
47105,TN,Loudon,19.0
47107,TN,McMinn,21.0
47109,TN,McNairy,18.0
47111,TN,Macon,21.0
47113,TN,Madison,7.0
47115,TN,Marion,12.0
47117,TN,Marshall,20.0
47119,TN,Maury,15.0
47121,TN,Meigs,32.0
47123,TN,Monroe,16.0
47125,TN,Montgomery,10.0
47127,TN,Moore,2.0
47129,TN,Morgan,28.0
47131,TN,Obion,10.0
47133,TN,Overton,33.0
47135,TN,Perry,2.0
47137,TN,Pickett,3.0
47139,TN,Polk,19.0
47141,TN,Putnam,16.0
47143,TN,Rhea,23.0
47145,TN,Roane,29.0
47147,TN,Robertson,15.0
47149,TN,Rutherford,10.0
47151,TN,Scott,24.0
47153,TN,Sequatchie,15.0
47155,TN,Sevier,18.0
47157,TN,Shelby,13.0
47159,TN,Smith,27.0
47161,TN,Stewart,18.0
47163,TN,Sullivan,17.0
47165,TN,Sumner,11.0
47167,TN,Tipton,11.0
47169,TN,Trousdale,2.0
47171,TN,Unicoi,24.0
47173,TN,Union,22.0
47175,TN,Van Buren,3.0
47177,TN,Warren,14.0
47179,TN,Washington,17.0
47181,TN,Wayne,13.0
47183,TN,Weakley,13.0
47185,TN,White,16.0
47187,TN,Williamson,7.0
47189,TN,Wilson,13.0
48001,TX,Anderson,14.0
48003,TX,Andrews,1.0
48005,TX,Angelina,9.0
48007,TX,Aransas,24.0
48009,TX,Archer,2.0
48011,TX,Armstrong,7.0
48013,TX,Atascosa,7.0
48015,TX,Austin,6.0
48017,TX,Bailey,2.0
48019,TX,Bandera,12.0
48021,TX,Bastrop,11.0
48023,TX,Baylor,4.0
48025,TX,Bee,5.0
48027,TX,Bell,7.0
48029,TX,Bexar,11.0
48031,TX,Blanco,14.0
48033,TX,Borden,23.0
48035,TX,Bosque,10.0
48037,TX,Bowie,7.0
48039,TX,Brazoria,11.0
48041,TX,Brazos,6.0
48043,TX,Brewster,2.0
48045,TX,Briscoe,9.0
48047,TX,Brooks,2.0
48049,TX,Brown,13.0
48051,TX,Burleson,9.0
48053,TX,Burnet,10.0
48055,TX,Caldwell,8.0
48057,TX,Calhoun,11.0
48059,TX,Callahan,1.0
48061,TX,Cameron,4.0
48063,TX,Camp,1.0
48065,TX,Carson,2.0
48067,TX,Cass,8.0
48069,TX,Castro,2.0
48071,TX,Chambers,16.0
48073,TX,Cherokee,13.0
48075,TX,Childress,2.0
48077,TX,Clay,1.0
48079,TX,Cochran,5.0
48081,TX,Coke,4.0
48083,TX,Coleman,2.0
48085,TX,Collin,7.0
48087,TX,Collingsworth,5.0
48089,TX,Colorado,8.0
48091,TX,Comal,12.0
48093,TX,Comanche,12.0
48095,TX,Concho,4.0
48097,TX,Cooke,16.0
48099,TX,Coryell,3.0
48101,TX,Cottle,9.0
48103,TX,Crane,3.0
48105,TX,Crockett,4.0
48107,TX,Crosby,2.0
48109,TX,Culberson,6.0
48111,TX,Dallam,2.0
48113,TX,Dallas,10.0
48115,TX,Dawson,1.0
48117,TX,Deaf Smith,1.0
48119,TX,Delta,3.0
48121,TX,Denton,8.0
48123,TX,DeWitt,1.0
48125,TX,Dickens,6.0
48127,TX,Dimmit,1.0
48129,TX,Donley,4.0
48131,TX,Duval,12.0
48133,TX,Eastland,1.0
48135,TX,Ector,13.0
48137,TX,Edwards,7.0
48139,TX,Ellis,6.0
48141,TX,El Paso,8.0
48143,TX,Erath,9.0
48145,TX,Falls,1.0
48147,TX,Fannin,9.0
48149,TX,Fayette,6.0
48151,TX,Fisher,4.0
48153,TX,Floyd,2.0
48155,TX,Foard,11.0
48157,TX,Fort Bend,5.0
48159,TX,Franklin,1.0
48161,TX,Freestone,1.0
48163,TX,Frio,1.0
48165,TX,Gaines,10.0
48167,TX,Galveston,17.0
48169,TX,Garza,2.0
48171,TX,Gillespie,1.0
48173,TX,Glasscock,12.0
48175,TX,Goliad,2.0
48177,TX,Gonzales,7.0
48179,TX,Gray,13.0
48181,TX,Grayson,15.0
48183,TX,Gregg,8.0
48185,TX,Grimes,12.0
48187,TX,Guadalupe,9.0
48189,TX,Hale,4.0
48191,TX,Hall,4.0
48193,TX,Hamilton,2.0
48195,TX,Hansford,3.0
48197,TX,Hardeman,3.0
48199,TX,Hardin,20.0
48201,TX,Harris,10.0
48203,TX,Harrison,7.0
48205,TX,Hartley,2.0
48207,TX,Haskell,2.0
48209,TX,Hays,8.0
48211,TX,Hemphill,4.0
48213,TX,Henderson,11.0
48215,TX,Hidalgo,3.0
48217,TX,Hill,5.0
48219,TX,Hockley,6.0
48221,TX,Hood,9.0
48223,TX,Hopkins,12.0
48225,TX,Houston,9.0
48227,TX,Howard,12.0
48229,TX,Hudspeth,4.0
48231,TX,Hunt,12.0
48233,TX,Hutchinson,11.0
48235,TX,Irion,9.0
48237,TX,Jack,2.0
48239,TX,Jackson,1.0
48241,TX,Jasper,15.0
48243,TX,Jeff Davis,6.0
48245,TX,Jefferson,15.0
48247,TX,Jim Hogg,3.0
48249,TX,Jim Wells,9.0
48251,TX,Johnson,8.0
48253,TX,Jones,1.0
48255,TX,Karnes,1.0
48257,TX,Kaufman,8.0
48259,TX,Kendall,7.0
48261,TX,Kenedy,34.0
48263,TX,Kent,18.0
48265,TX,Kerr,13.0
48267,TX,Kimble,3.0
48269,TX,King,52.0
48271,TX,Kinney,4.0
48273,TX,Kleberg,9.0
48275,TX,Knox,4.0
48277,TX,Lamar,6.0
48279,TX,Lamb,1.0
48281,TX,Lampasas,1.0
48283,TX,La Salle,2.0
48285,TX,Lavaca,1.0
48287,TX,Lee,1.0
48289,TX,Leon,10.0
48291,TX,Liberty,21.0
48293,TX,Limestone,10.0
48295,TX,Lipscomb,4.0
48297,TX,Live Oak,1.0
48299,TX,Llano,18.0
48301,TX,Loving,182.0
48303,TX,Lubbock,8.0
48305,TX,Lynn,2.0
48307,TX,McCulloch,2.0
48309,TX,McLennan,7.0
48311,TX,McMullen,20.0
48313,TX,Madison,1.0
48315,TX,Marion,17.0
48317,TX,Martin,3.0
48319,TX,Mason,4.0
48321,TX,Matagorda,7.0
48323,TX,Maverick,3.0
48325,TX,Medina,4.0
48327,TX,Menard,6.0
48329,TX,Midland,9.0
48331,TX,Milam,10.0
48333,TX,Mills,3.0
48335,TX,Mitchell,2.0
48337,TX,Montague,18.0
48339,TX,Montgomery,13.0
48341,TX,Moore,1.0
48343,TX,Morris,14.0
48345,TX,Motley,12.0
48347,TX,Nacogdoches,9.0
48349,TX,Navarro,7.0
48351,TX,Newton,25.0
48353,TX,Nolan,11.0
48355,TX,Nueces,16.0
48357,TX,Ochiltree,1.0
48359,TX,Oldham,7.0
48361,TX,Orange,31.0
48363,TX,Palo Pinto,12.0
48365,TX,Panola,9.0
48367,TX,Parker,12.0
48369,TX,Parmer,1.0
48371,TX,Pecos,1.0
48373,TX,Polk,23.0
48375,TX,Potter,9.0
48377,TX,Presidio,2.0
48379,TX,Rains,1.0
48381,TX,Randall,8.0
48383,TX,Reagan,4.0
48385,TX,Real,4.0
48387,TX,Red River,12.0
48389,TX,Reeves,1.0
48391,TX,Refugio,2.0
48393,TX,Roberts,16.0
48395,TX,Robertson,11.0
48397,TX,Rockwall,6.0
48399,TX,Runnels,1.0
48401,TX,Rusk,10.0
48403,TX,Sabine,13.0
48405,TX,San Augustine,2.0
48407,TX,San Jacinto,21.0
48409,TX,San Patricio,12.0
48411,TX,San Saba,2.0
48413,TX,Schleicher,4.0
48415,TX,Scurry,1.0
48417,TX,Shackelford,4.0
48419,TX,Shelby,12.0
48421,TX,Sherman,5.0
48423,TX,Smith,11.0
48425,TX,Somervell,2.0
48427,TX,Starr,0.0
48429,TX,Stephens,1.0
48431,TX,Sterling,12.0
48433,TX,Stonewall,10.0
48435,TX,Sutton,3.0
48437,TX,Swisher,2.0
48439,TX,Tarrant,8.0
48441,TX,Taylor,9.0
48443,TX,Terrell,15.0
48445,TX,Terry,1.0
48447,TX,Throckmorton,9.0
48449,TX,Titus,6.0
48451,TX,Tom Green,11.0
48453,TX,Travis,12.0
48455,TX,Trinity,24.0
48457,TX,Tyler,11.0
48459,TX,Upshur,11.0
48461,TX,Upton,4.0
48463,TX,Uvalde,5.0
48465,TX,Val Verde,5.0
48467,TX,Van Zandt,16.0
48469,TX,Victoria,12.0
48471,TX,Walker,7.0
48473,TX,Waller,10.0
48475,TX,Ward,1.0
48477,TX,Washington,4.0
48479,TX,Webb,9.0
48481,TX,Wharton,7.0
48483,TX,Wheeler,3.0
48485,TX,Wichita,18.0
48487,TX,Wilbarger,1.0
48489,TX,Willacy,1.0
48491,TX,Williamson,8.0
48493,TX,Wilson,5.0
48495,TX,Winkler,2.0
48497,TX,Wise,9.0
48499,TX,Wood,16.0
48501,TX,Yoakum,2.0
48503,TX,Young,24.0
48505,TX,Zapata,1.0
48507,TX,Zavala,13.0
49001,UT,Beaver,2.0
49003,UT,Box Elder,15.0
49005,UT,Cache,10.0
49007,UT,Carbon,38.0
49009,UT,Daggett,14.0
49011,UT,Davis,15.0
49013,UT,Duchesne,12.0
49015,UT,Emery,29.0
49017,UT,Garfield,3.0
49019,UT,Grand,27.0
49021,UT,Iron,20.0
49023,UT,Juab,20.0
49025,UT,Kane,27.0
49027,UT,Millard,14.0
49029,UT,Morgan,2.0
49031,UT,Piute,10.0
49033,UT,Rich,6.0
49035,UT,Salt Lake,21.0
49037,UT,San Juan,1.0
49039,UT,Sanpete,17.0
49041,UT,Sevier,17.0
49043,UT,Summit,13.0
49045,UT,Tooele,18.0
49047,UT,Uintah,14.0
49049,UT,Utah,16.0
49051,UT,Wasatch,14.0
49053,UT,Washington,15.0
49055,UT,Wayne,5.0
49057,UT,Weber,22.0
50001,VT,Addison,9.0
50003,VT,Bennington,9.0
50005,VT,Caledonia,8.0
50007,VT,Chittenden,10.0
50009,VT,Essex,2.0
50011,VT,Franklin,10.0
50013,VT,Grand Isle,2.0
50015,VT,Lamoille,9.0
50017,VT,Orange,12.0
50019,VT,Orleans,8.0
50021,VT,Rutland,15.0
50023,VT,Washington,11.0
50025,VT,Windham,15.0
50027,VT,Windsor,14.0
51001,VA,Accomack,9.0
51003,VA,Albemarle,5.0
51005,VA,Alleghany,10.0
51007,VA,Amelia,1.0
51009,VA,Amherst,8.0
51011,VA,Appomattox,1.0
51013,VA,Arlington,5.0
51015,VA,Augusta,13.0
51017,VA,Bath,3.0
51019,VA,Bedford,10.0
51021,VA,Bland,21.0
51023,VA,Botetourt,8.0
51025,VA,Brunswick,1.0
51027,VA,Buchanan,37.0
51029,VA,Buckingham,1.0
51031,VA,Campbell,7.0
51033,VA,Caroline,7.0
51035,VA,Carroll,14.0
51036,VA,Charles City,2.0
51037,VA,Charlotte,1.0
51041,VA,Chesterfield,8.0
51043,VA,Clarke,1.0
51045,VA,Craig,3.0
51047,VA,Culpeper,7.0
51049,VA,Cumberland,1.0
51051,VA,Dickenson,53.0
51053,VA,Dinwiddie,1.0
51057,VA,Essex,1.0
51059,VA,Fairfax,5.0
51061,VA,Fauquier,15.0
51063,VA,Floyd,11.0
51065,VA,Fluvanna,1.0
51067,VA,Franklin,15.0
51069,VA,Frederick,10.0
51071,VA,Giles,17.0
51073,VA,Gloucester,7.0
51075,VA,Goochland,11.0
51077,VA,Grayson,1.0
51079,VA,Greene,9.0
51081,VA,Greensville,1.0
51083,VA,Halifax,7.0
51085,VA,Hanover,6.0
51087,VA,Henrico,8.0
51089,VA,Henry,24.0
51091,VA,Highland,6.0
51093,VA,Isle of Wight,7.0
51095,VA,James City,6.0
51097,VA,King and Queen,2.0
51099,VA,King George,11.0
51101,VA,King William,1.0
51103,VA,Lancaster,1.0
51105,VA,Lee,14.0
51107,VA,Loudoun,4.0
51109,VA,Louisa,9.0
51111,VA,Lunenburg,1.0
51113,VA,Madison,11.0
51115,VA,Mathews,2.0
51117,VA,Mecklenburg,6.0
51119,VA,Middlesex,1.0
51121,VA,Montgomery,10.0
51125,VA,Nelson,1.0
51127,VA,New Kent,1.0
51131,VA,Northampton,1.0
51133,VA,Northumberland,1.0
51135,VA,Nottoway,1.0
51137,VA,Orange,9.0
51139,VA,Page,15.0
51141,VA,Patrick,13.0
51143,VA,Pittsylvania,10.0
51145,VA,Powhatan,6.0
51147,VA,Prince Edward,1.0
51149,VA,Prince George,7.0
51153,VA,Prince William,6.0
51155,VA,Pulaski,28.0
51157,VA,Rappahannock,2.0
51159,VA,Richmond,2.0
51161,VA,Roanoke,9.0
51163,VA,Rockbridge,8.0
51165,VA,Rockingham,5.0
51167,VA,Russell,32.0
51169,VA,Scott,14.0
51171,VA,Shenandoah,11.0
51173,VA,Smyth,15.0
51175,VA,Southampton,1.0
51177,VA,Spotsylvania,8.0
51179,VA,Stafford,7.0
51181,VA,Surry,2.0
51183,VA,Sussex,1.0
51185,VA,Tazewell,37.0
51187,VA,Warren,13.0
51191,VA,Washington,13.0
51193,VA,Westmoreland,8.0
51195,VA,Wise,38.0
51197,VA,Wythe,18.0
51199,VA,York,5.0
51510,VA,Alexandr,8.0
51515,VA,Bedfo,3.0
51520,VA,Brist,21.0
51530,VA,Buena Vis,2.0
51540,VA,Charlottesvil,6.0
51550,VA,Chesapea,9.0
51560,VA,Clifton For,-100000.0
51570,VA,Colonial Heigh,10.0
51580,VA,Covingt,2.0
51590,VA,Danvil,10.0
51595,VA,Empor,2.0
51600,VA,Fairf,9.0
51610,VA,Falls Chur,1.0
51620,VA,Frankl,2.0
51630,VA,Fredericksbu,10.0
51640,VA,Gal,2.0
51650,VA,Hampt,7.0
51660,VA,Harrisonbu,5.0
51670,VA,Hopewe,10.0
51678,VA,Lexingt,2.0
51680,VA,Lynchbu,5.0
51683,VA,Manass,12.0
51685,VA,Manassas Pa,1.0
51690,VA,Martinsvil,14.0
51700,VA,Newport Ne,8.0
51710,VA,Norfo,10.0
51720,VA,Nort,4.0
51730,VA,Petersbu,9.0
51735,VA,Poquos,1.0
51740,VA,Portsmou,10.0
51750,VA,Radfo,15.0
51760,VA,Richmo,13.0
51770,VA,Roano,14.0
51775,VA,Sal,14.0
51790,VA,Staunt,14.0
51800,VA,Suffo,5.0
51810,VA,Virginia Bea,8.0
51820,VA,Waynesbo,13.0
51830,VA,Williamsbu,11.0
51840,VA,Winchest,19.0
53001,WA,Adams,1.0
53003,WA,Asotin,18.0
53005,WA,Benton,11.0
53007,WA,Chelan,16.0
53009,WA,Clallam,26.0
53011,WA,Clark,14.0
53013,WA,Columbia,4.0
53015,WA,Cowlitz,22.0
53017,WA,Douglas,13.0
53019,WA,Ferry,2.0
53021,WA,Franklin,6.0
53023,WA,Garfield,6.0
53025,WA,Grant,15.0
53027,WA,Grays Harbor,19.0
53029,WA,Island,11.0
53031,WA,Jefferson,19.0
53033,WA,King,13.0
53035,WA,Kitsap,12.0
53037,WA,Kittitas,7.0
53039,WA,Klickitat,11.0
53041,WA,Lewis,18.0
53043,WA,Lincoln,1.0
53045,WA,Mason,17.0
53047,WA,Okanogan,18.0
53049,WA,Pacific,23.0
53051,WA,Pend Oreille,21.0
53053,WA,Pierce,15.0
53055,WA,San Juan,12.0
53057,WA,Skagit,16.0
53059,WA,Skamania,20.0
53061,WA,Snohomish,18.0
53063,WA,Spokane,21.0
53065,WA,Stevens,16.0
53067,WA,Thurston,12.0
53069,WA,Wahkiakum,4.0
53071,WA,Walla Walla,11.0
53073,WA,Whatcom,11.0
53075,WA,Whitman,5.0
53077,WA,Yakima,9.0
54001,WV,Barbour,10.0
54003,WV,Berkeley,21.0
54005,WV,Boone,55.0
54007,WV,Braxton,19.0
54009,WV,Brooke,30.0
54011,WV,Cabell,30.0
54013,WV,Calhoun,2.0
54015,WV,Clay,23.0
54017,WV,Doddridge,18.0
54019,WV,Fayette,31.0
54021,WV,Gilmer,2.0
54023,WV,Grant,1.0
54025,WV,Greenbrier,23.0
54027,WV,Hampshire,19.0
54029,WV,Hancock,31.0
54031,WV,Hardy,1.0
54033,WV,Harrison,22.0
54035,WV,Jackson,15.0
54037,WV,Jefferson,20.0
54039,WV,Kanawha,26.0
54041,WV,Lewis,12.0
54043,WV,Lincoln,38.0
54045,WV,Logan,45.0
54047,WV,McDowell,79.0
54049,WV,Marion,13.0
54051,WV,Marshall,18.0
54053,WV,Mason,24.0
54055,WV,Mercer,47.0
54057,WV,Mineral,14.0
54059,WV,Mingo,50.0
54061,WV,Monongalia,9.0
54063,WV,Monroe,31.0
54065,WV,Morgan,18.0
54067,WV,Nicholas,25.0
54069,WV,Ohio,13.0
54071,WV,Pendleton,2.0
54073,WV,Pleasants,2.0
54075,WV,Pocahontas,23.0
54077,WV,Preston,12.0
54079,WV,Putnam,15.0
54081,WV,Raleigh,42.0
54083,WV,Randolph,13.0
54085,WV,Ritchie,1.0
54087,WV,Roane,16.0
54089,WV,Summers,37.0
54091,WV,Taylor,17.0
54093,WV,Tucker,2.0
54095,WV,Tyler,19.0
54097,WV,Upshur,10.0
54099,WV,Wayne,25.0
54101,WV,Webster,28.0
54103,WV,Wetzel,1.0
54105,WV,Wirt,2.0
54107,WV,Wood,13.0
54109,WV,Wyoming,80.0
55001,WI,Adams,14.0
55003,WI,Ashland,10.0
55005,WI,Barron,5.0
55007,WI,Bayfield,1.0
55009,WI,Brown,9.0
55011,WI,Buffalo,1.0
55013,WI,Burnett,11.0
55015,WI,Calumet,4.0
55017,WI,Chippewa,9.0
55019,WI,Clark,0.0
55021,WI,Columbia,13.0
55023,WI,Crawford,9.0
55025,WI,Dane,12.0
55027,WI,Dodge,11.0
55029,WI,Door,5.0
55031,WI,Douglas,9.0
55033,WI,Dunn,7.0
55035,WI,Eau Claire,8.0
55037,WI,Florence,3.0
55039,WI,Fond du Lac,9.0
55041,WI,Forest,2.0
55043,WI,Grant,6.0
55045,WI,Green,8.0
55047,WI,Green Lake,1.0
55049,WI,Iowa,10.0
55051,WI,Iron,2.0
55053,WI,Jackson,7.0
55055,WI,Jefferson,7.0
55057,WI,Juneau,12.0
55059,WI,Kenosha,21.0
55061,WI,Kewaunee,1.0
55063,WI,La Crosse,9.0
55065,WI,Lafayette,1.0
55067,WI,Langlade,13.0
55069,WI,Lincoln,9.0
55071,WI,Manitowoc,13.0
55073,WI,Marathon,6.0
55075,WI,Marinette,7.0
55077,WI,Marquette,12.0
55078,WI,Menominee,3.0
55079,WI,Milwaukee,19.0
55081,WI,Monroe,11.0
55083,WI,Oconto,7.0
55085,WI,Oneida,9.0
55087,WI,Outagamie,6.0
55089,WI,Ozaukee,5.0
55091,WI,Pepin,2.0
55093,WI,Pierce,7.0
55095,WI,Polk,5.0
55097,WI,Portage,8.0
55099,WI,Price,1.0
55101,WI,Racine,11.0
55103,WI,Richland,1.0
55105,WI,Rock,14.0
55107,WI,Rusk,1.0
55109,WI,St. Croix,5.0
55111,WI,Sauk,14.0
55113,WI,Sawyer,15.0
55115,WI,Shawano,6.0
55117,WI,Sheboygan,10.0
55119,WI,Taylor,1.0
55121,WI,Trempealeau,7.0
55123,WI,Vernon,5.0
55125,WI,Vilas,18.0
55127,WI,Walworth,13.0
55129,WI,Washburn,1.0
55131,WI,Washington,9.0
55133,WI,Waukesha,10.0
55135,WI,Waupaca,8.0
55137,WI,Waushara,1.0
55139,WI,Winnebago,12.0
55141,WI,Wood,7.0
56001,WY,Albany,10.0
56003,WY,Big Horn,20.0
56005,WY,Campbell,10.0
56007,WY,Carbon,17.0
56009,WY,Converse,11.0
56011,WY,Crook,2.0
56013,WY,Fremont,18.0
56015,WY,Goshen,1.0
56017,WY,Hot Springs,3.0
56019,WY,Johnson,2.0
56021,WY,Laramie,16.0
56023,WY,Lincoln,15.0
56025,WY,Natrona,16.0
56027,WY,Niobrara,6.0
56029,WY,Park,14.0
56031,WY,Platte,16.0
56033,WY,Sheridan,7.0
56035,WY,Sublette,1.0
56037,WY,Sweetwater,15.0
56039,WY,Teton,1.0
56041,WY,Uinta,19.0
56043,WY,Washakie,2.0
56045,WY,Weston,2.0
