County_cd,Deaths,Population,State,County_nm
01001,-1,52405,AL,Autauga
01003,28,172404,AL,Baldwin
01005,-1,27757,AL,Barbour
01007,-1,22438,AL,Bibb
01009,-1,56240,AL,Blount
01011,-1,11011,AL,Bullock
01013,-1,20894,AL,Butler
01015,13,116211,AL,Calhoun
01017,-1,34847,AL,Chambers
01019,-1,25553,AL,Cherokee
01021,-1,42881,AL,Chilton
01023,-1,14216,AL,Choctaw
01025,-1,26436,AL,Clarke
01027,-1,14085,AL,Clay
01029,-1,14799,AL,Cleburne
01031,-1,47458,AL,Coffee
01033,-1,54486,AL,Colbert
01035,-1,13441,AL,Conecuh
01037,-1,11439,AL,Coosa
01039,-1,37631,AL,Covington
01041,-1,13956,AL,Crenshaw
01043,-1,79576,AL,Cullman
01045,-1,49488,AL,Dale
01047,-1,44194,AL,Dallas
01049,11,69450,AL,DeKalb
01051,-1,77124,AL,Elmore
01053,-1,37839,AL,Escambia
01055,13,103893,AL,Etowah
01057,-1,17523,AL,Fayette
01059,-1,31004,AL,Franklin
01061,-1,26322,AL,Geneva
01063,-1,9385,AL,Greene
01065,-1,16418,AL,Hale
01067,-1,17108,AL,Henry
01069,10,97727,AL,Houston
01071,-1,53333,AL,Jackson
01073,80,655163,AL,Jefferson
01075,-1,14901,AL,Lamar
01077,18,91107,AL,Lauderdale
01079,-1,34293,AL,Lawrence
01081,-1,131934,AL,Lee
01083,-1,76063,AL,Limestone
01085,-1,11973,AL,Lowndes
01087,-1,21942,AL,Macon
01089,14,315859,AL,Madison
01091,-1,21475,AL,Marengo
01093,-1,30849,AL,Marion
01095,-1,89605,AL,Marshall
01097,63,405715,AL,Mobile
01099,-1,23437,AL,Monroe
01101,11,227888,AL,Montgomery
01103,18,116397,AL,Morgan
01105,-1,10774,AL,Perry
01107,-1,19989,AL,Pickens
01109,-1,31761,AL,Pike
01111,-1,22662,AL,Randolph
01113,-1,51074,AL,Russell
01115,11,79348,AL,St. Clair
01117,29,183491,AL,Shelby
01119,-1,13926,AL,Sumter
01121,-1,82226,AL,Talladega
01123,-1,41414,AL,Tallapoosa
01125,31,184350,AL,Tuscaloosa
01127,20,67695,AL,Walker
01129,-1,17491,AL,Washington
01131,-1,12208,AL,Wilcox
01133,-1,24858,AL,Winston
02013,-1,3012,AK,Aleutians East 
02016,-1,5466,AK,Aleutians West Cens
02020,44,278792,AK,Anchorage 
02050,-1,16723,AK,Bethel Cens
02060,-1,1076,AK,Bristol Bay 
02068,-1,1803,AK,Denali 
02070,-1,4832,AK,Dillingham Cens
02090,-1,93545,AK,Fairbanks North Star 
02100,-1,2379,AK,Haines 
02105,Missing,Missing,AK,Hoonah-Angoon Cens
02110,-1,30682,AK,Juneau 
02122,-1,53272,AK,Kenai Peninsula 
02130,-1,13341,AK,Ketchikan Gateway 
02150,-1,13159,AK,Kodiak Island 
02164,-1,1629,AK,Lake and Peninsula 
02170,10,81402,AK,Matanuska-Susitna 
02180,-1,9246,AK,Nome Cens
02185,-1,8519,AK,North Slope 
02188,-1,7440,AK,Northwest Arctic 
02195,Missing,Missing,AK,Petersburg Borough/Cens
02198,Missing,Missing,AK,Prince of Wales-Hyder Cens
02201,-1,5457,AK,Prince of Wales-Outer Ketchikan Cens
02220,-1,8851,AK,Sitka 
02230,Missing,Missing,AK,Skagway Munic
02232,-1,3197,AK,Skagway-Hoonah-Angoon Cens
02240,-1,6945,AK,Southeast Fairbanks Cens
02261,-1,9572,AK,Valdez-Cordova Cens
02270,-1,7372,AK,Wade Hampton Cens
02275,Missing,Missing,AK,Wrangell City and 
02280,-1,6220,AK,Wrangell-Petersburg Cens
02282,-1,656,AK,Yakutat 
02290,-1,5712,AK,Yukon-Koyukuk Cens
04001,-1,69602,AZ,Apache
04003,20,128206,AZ,Cochise
04005,10,130442,AZ,Coconino
04007,11,53252,AZ,Gila
04009,-1,35175,AZ,Graham
04011,-1,8205,AZ,Greenlee
04012,-1,20647,AZ,La Paz
04013,575,3711954,AZ,Maricopa
04015,26,199760,AZ,Mohave
04017,16,106927,AZ,Navajo
04019,165,955869,AZ,Pima
04021,40,306174,AZ,Pinal
04023,-1,45338,AZ,Santa Cruz
04025,36,208773,AZ,Yavapai
04027,24,187357,AZ,Yuma
05001,-1,19434,AR,Arkansas
05003,-1,22229,AR,Ashley
05005,-1,41491,AR,Baxter
05007,19,203664,AR,Benton
05009,-1,36759,AR,Boone
05011,-1,11737,AR,Bradley
05013,-1,5659,AR,Calhoun
05015,-1,26699,AR,Carroll
05017,-1,12313,AR,Chicot
05019,-1,23139,AR,Clark
05021,-1,16464,AR,Clay
05023,-1,25545,AR,Cleburne
05025,-1,8896,AR,Cleveland
05027,-1,24847,AR,Columbia
05029,-1,20992,AR,Conway
05031,-1,91350,AR,Craighead
05033,14,60210,AR,Crawford
05035,-1,50438,AR,Crittenden
05037,-1,18172,AR,Cross
05039,-1,8367,AR,Dallas
05041,-1,13523,AR,Desha
05043,-1,18535,AR,Drew
05045,10,105637,AR,Faulkner
05047,-1,18237,AR,Franklin
05049,-1,12354,AR,Fulton
05051,22,94753,AR,Garland
05053,-1,17483,AR,Grant
05055,-1,40918,AR,Greene
05057,-1,22918,AR,Hempstead
05059,-1,32631,AR,Hot Spring
05061,-1,13680,AR,Howard
05063,-1,35690,AR,Independence
05065,-1,13552,AR,Izard
05067,-1,18098,AR,Jackson
05069,-1,78788,AR,Jefferson
05071,-1,25109,AR,Johnson
05073,-1,7845,AR,Lafayette
05075,-1,17286,AR,Lawrence
05077,-1,10823,AR,Lee
05079,-1,14237,AR,Lincoln
05081,-1,13107,AR,Little River
05083,-1,22758,AR,Logan
05085,-1,64379,AR,Lonoke
05087,-1,15353,AR,Madison
05089,-1,16795,AR,Marion
05091,-1,42710,AR,Miller
05093,-1,46850,AR,Mississippi
05095,-1,8670,AR,Monroe
05097,-1,9478,AR,Montgomery
05099,-1,9267,AR,Nevada
05101,-1,8428,AR,Newton
05103,-1,26448,AR,Ouachita
05105,-1,10496,AR,Perry
05107,-1,22775,AR,Phillips
05109,-1,11342,AR,Pike
05111,-1,24813,AR,Poinsett
05113,-1,20377,AR,Polk
05115,-1,59793,AR,Pope
05117,-1,8951,AR,Prairie
05119,33,373403,AR,Pulaski
05121,-1,18054,AR,Randolph
05123,-1,28394,AR,St. Francis
05125,10,100043,AR,Saline
05127,-1,11287,AR,Scott
05129,-1,8275,AR,Searcy
05131,29,122946,AR,Sebastian
05133,-1,16347,AR,Sevier
05135,-1,17506,AR,Sharp
05137,-1,12230,AR,Stone
05139,-1,42267,AR,Union
05141,-1,17226,AR,Van Buren
05143,16,194526,AR,Washington
05145,-1,73573,AR,White
05147,-1,7648,AR,Woodruff
05149,-1,21633,AR,Yell
06001,190,1455715,CA,Alameda
06003,-1,1274,CA,Alpine
06005,-1,38756,CA,Amador
06007,65,217469,CA,Butte
06009,-1,46268,CA,Calaveras
06011,-1,21075,CA,Colusa
06013,101,1009152,CA,Contra Costa
06015,-1,28415,CA,Del Norte
06017,34,177694,CA,El Dorado
06019,95,895933,CA,Fresno
06021,-1,27775,CA,Glenn
06023,42,132001,CA,Humboldt
06025,21,164596,CA,Imperial
06027,-1,18426,CA,Inyo
06029,119,803281,CA,Kern
06031,18,150420,CA,Kings
06033,20,64077,CA,Lake
06035,11,35615,CA,Lassen
06037,756,9700359,CA,Los Angeles
06039,12,146067,CA,Madera
06041,40,246248,CA,Marin
06043,-1,18366,CA,Mariposa
06045,21,87071,CA,Mendocino
06047,23,248540,CA,Merced
06049,-1,9525,CA,Modoc
06051,-1,13678,CA,Mono
06053,24,402376,CA,Monterey
06055,13,132583,CA,Napa
06057,17,97794,CA,Nevada
06059,287,2931629,CA,Orange
06061,55,329023,CA,Placer
06063,-1,20667,CA,Plumas
06065,217,2075183,CA,Riverside
06067,212,1381161,CA,Sacramento
06069,-1,54072,CA,San Benito
06071,69,1992161,CA,San Bernardino
06073,357,2975742,CA,San Diego
06075,186,778673,CA,San Francisco
06077,96,668080,CA,San Joaquin
06079,36,262770,CA,San Luis Obispo
06081,63,693849,CA,San Mateo
06083,44,411243,CA,Santa Barbara
06085,141,1712026,CA,Santa Clara
06087,42,253304,CA,Santa Cruz
06089,48,176548,CA,Shasta
06091,-1,3373,CA,Sierra
06093,-1,44465,CA,Siskiyou
06095,36,408243,CA,Solano
06097,61,467356,CA,Sonoma
06099,83,507834,CA,Stanislaus
06101,10,92959,CA,Sutter
06103,-1,62147,CA,Tehama
06105,-1,13648,CA,Trinity
06107,22,422140,CA,Tulare
06109,14,56339,CA,Tuolumne
06111,84,800027,CA,Ventura
06113,13,194339,CA,Yolo
06115,-1,70761,CA,Yuba
08001,75,415746,CO,Adams
08003,-1,15180,CO,Alamosa
08005,96,542039,CO,Arapahoe
08007,-1,12262,CO,Archuleta
08009,-1,3866,CO,Baca
08011,-1,5715,CO,Bent
08013,47,287428,CO,Boulder
08014,-1,51526,CO,Broomfield
08015,-1,17377,CO,Chaffee
08017,-1,1863,CO,Cheyenne
08019,-1,9152,CO,Clear Creek
08021,-1,8217,CO,Conejos
08023,-1,3567,CO,Costilla
08025,-1,6015,CO,Crowley
08027,-1,4112,CO,Custer
08029,-1,30121,CO,Delta
08031,148,564395,CO,Denver
08033,-1,1980,CO,Dolores
08035,17,267177,CO,Douglas
08037,-1,49803,CO,Eagle
08039,-1,22402,CO,Elbert
08041,80,586783,CO,El Paso
08043,-1,46959,CO,Fremont
08045,-1,53534,CO,Garfield
08047,-1,4893,CO,Gilpin
08049,-1,14306,CO,Grand
08051,-1,15043,CO,Gunnison
08053,-1,835,CO,Hinsdale
08055,-1,7051,CO,Huerfano
08057,-1,1407,CO,Jackson
08059,76,524911,CO,Jefferson
08061,-1,1410,CO,Kiowa
08063,-1,7954,CO,Kit Carson
08065,-1,7392,CO,Lake
08067,-1,49343,CO,La Plata
08069,36,286112,CO,Larimer
08071,-1,15734,CO,Las Animas
08073,-1,5484,CO,Lincoln
08075,-1,22163,CO,Logan
08077,22,139434,CO,Mesa
08079,-1,807,CO,Mineral
08081,-1,13348,CO,Moffat
08083,-1,25157,CO,Montezuma
08085,-1,39673,CO,Montrose
08087,-1,27745,CO,Morgan
08089,-1,18783,CO,Otero
08091,-1,4250,CO,Ouray
08093,-1,16445,CO,Park
08095,-1,4378,CO,Phillips
08097,-1,15814,CO,Pitkin
08099,-1,12736,CO,Prowers
08101,20,155121,CO,Pueblo
08103,-1,6373,CO,Rio Blanco
08105,-1,11852,CO,Rio Grande
08107,-1,22491,CO,Routt
08109,-1,6148,CO,Saguache
08111,-1,661,CO,San Juan
08113,-1,7322,CO,San Miguel
08115,-1,2400,CO,Sedgwick
08117,-1,26603,CO,Summit
08119,-1,22707,CO,Teller
08121,-1,4883,CO,Washington
08123,27,237692,CO,Weld
08125,-1,9788,CO,Yuma
09001,76,897498,CT,Fairfield
09003,128,884548,CT,Hartford
09005,27,189866,CT,Litchfield
09007,24,164129,CT,Middlesex
09009,122,853598,CT,New Haven
09011,32,270669,CT,New London
09013,16,149718,CT,Tolland
09015,-1,117244,CT,Windham
10001,13,153969,DE,Kent
10003,64,530555,DE,New Castle
10005,20,187225,DE,Sussex
11001,62,574404,DC,District of C
12001,20,242685,FL,Alachua
12003,10,26212,FL,Baker
12005,34,165345,FL,Bay
12007,-1,28825,FL,Bradford
12009,105,539719,FL,Brevard
12011,270,1720825,FL,Broward
12013,-1,14222,FL,Calhoun
12015,10,159742,FL,Charlotte
12017,20,140974,FL,Citrus
12019,30,184256,FL,Clay
12021,38,314437,FL,Collier
12023,-1,66604,FL,Columbia
12027,-1,34537,FL,DeSoto
12029,-1,16083,FL,Dixie
12031,143,851033,FL,Duval
12033,37,297393,FL,Escambia
12035,10,90516,FL,Flagler
12037,-1,11491,FL,Franklin
12039,-1,45867,FL,Gadsden
12041,-1,16610,FL,Gilchrist
12043,-1,12357,FL,Glades
12045,-1,15908,FL,Gulf
12047,-1,14589,FL,Hamilton
12049,-1,27489,FL,Hardee
12051,-1,39006,FL,Hendry
12053,44,169891,FL,Hernando
12055,-1,99023,FL,Highlands
12057,259,1184686,FL,Hillsborough
12059,-1,19991,FL,Holmes
12061,25,134564,FL,Indian River
12063,-1,48368,FL,Jackson
12065,-1,14383,FL,Jefferson
12067,-1,8398,FL,Lafayette
12069,21,289909,FL,Lake
12071,99,604716,FL,Lee
12073,15,268519,FL,Leon
12075,-1,40204,FL,Levy
12077,-1,8113,FL,Liberty
12079,-1,19322,FL,Madison
12081,54,316410,FL,Manatee
12083,36,325634,FL,Marion
12085,29,143542,FL,Martin
12086,150,2415576,FL,Miami-Dade
12087,21,72906,FL,Monroe
12089,10,69969,FL,Nassau
12091,32,182677,FL,Okaloosa
12093,10,39840,FL,Okeechobee
12095,116,1100663,FL,Orange
12097,28,253722,FL,Osceola
12099,262,1286586,FL,Palm Beach
12101,126,453579,FL,Pasco
12103,239,918624,FL,Pinellas
12105,86,585982,FL,Polk
12107,-1,75107,FL,Putnam
12109,19,175318,FL,St. Johns
12111,49,266860,FL,St. Lucie
12113,23,146158,FL,Santa Rosa
12115,77,375325,FL,Sarasota
12117,51,413571,FL,Seminole
12119,-1,82101,FL,Sumter
12121,-1,40309,FL,Suwannee
12123,-1,21805,FL,Taylor
12125,-1,15419,FL,Union
12127,74,498935,FL,Volusia
12129,-1,28588,FL,Wakulla
12131,12,52355,FL,Walton
12133,-1,23469,FL,Washington
13001,-1,17985,GA,Appling
13003,-1,8346,GA,Atkinson
13005,-1,10968,GA,Bacon
13007,-1,3706,GA,Baker
13009,-1,47336,GA,Baldwin
13011,-1,17550,GA,Banks
13013,-1,64760,GA,Barrow
13015,-1,95714,GA,Bartow
13017,-1,17719,GA,Ben Hill
13019,-1,18255,GA,Berrien
13021,16,154286,GA,Bibb
13023,-1,13016,GA,Bleckley
13025,-1,17198,GA,Brantley
13027,-1,16333,GA,Brooks
13029,-1,28302,GA,Bryan
13031,-1,65768,GA,Bulloch
13033,-1,22972,GA,Burke
13035,-1,23184,GA,Butts
13037,-1,6269,GA,Calhoun
13039,-1,48947,GA,Camden
13043,-1,10586,GA,Candler
13045,23,108947,GA,Carroll
13047,-1,62539,GA,Catoosa
13049,-1,12056,GA,Charlton
13051,27,251981,GA,Chatham
13053,-1,11965,GA,Chattahoochee
13055,-1,26230,GA,Chattooga
13057,28,202544,GA,Cherokee
13059,-1,113995,GA,Clarke
13061,-1,3262,GA,Clay
13063,20,260441,GA,Clayton
13065,-1,6838,GA,Clinch
13067,49,670438,GA,Cobb
13069,-1,41299,GA,Coffee
13071,-1,44209,GA,Colquitt
13073,-1,115074,GA,Columbia
13075,-1,16848,GA,Cook
13077,11,118156,GA,Coweta
13079,-1,12895,GA,Crawford
13081,-1,23146,GA,Crisp
13083,-1,16648,GA,Dade
13085,-1,21509,GA,Dawson
13087,-1,27883,GA,Decatur
13089,47,680962,GA,DeKalb
13091,-1,21225,GA,Dodge
13093,-1,13867,GA,Dooly
13095,-1,94522,GA,Dougherty
13097,-1,125560,GA,Douglas
13099,-1,11429,GA,Early
13101,-1,3938,GA,Echols
13103,-1,49660,GA,Effingham
13105,-1,20551,GA,Elbert
13107,-1,22109,GA,Emanuel
13109,-1,10899,GA,Evans
13111,-1,23185,GA,Fannin
13113,-1,104989,GA,Fayette
13115,18,95308,GA,Floyd
13117,16,157129,GA,Forsyth
13119,-1,22195,GA,Franklin
13121,101,869329,GA,Fulton
13123,-1,27996,GA,Gilmer
13125,-1,2988,GA,Glascock
13127,13,76513,GA,Glynn
13129,-1,53409,GA,Gordon
13131,-1,24624,GA,Grady
13133,-1,15823,GA,Greene
13135,46,764129,GA,Gwinnett
13137,-1,41865,GA,Habersham
13139,19,172446,GA,Hall
13141,-1,9889,GA,Hancock
13143,13,28558,GA,Haralson
13145,-1,30276,GA,Harris
13147,-1,24894,GA,Hart
13149,-1,11618,GA,Heard
13151,14,188736,GA,Henry
13153,-1,132373,GA,Houston
13155,-1,9493,GA,Irwin
13157,-1,57521,GA,Jackson
13159,-1,13569,GA,Jasper
13161,-1,14204,GA,Jeff Davis
13163,-1,16830,GA,Jefferson
13165,-1,8442,GA,Jenkins
13167,-1,10107,GA,Johnson
13169,-1,28000,GA,Jones
13171,-1,17476,GA,Lamar
13173,-1,9013,GA,Lanier
13175,-1,47649,GA,Laurens
13177,-1,27792,GA,Lee
13179,-1,63708,GA,Liberty
13181,-1,8161,GA,Lincoln
13183,-1,12381,GA,Long
13185,-1,101752,GA,Lowndes
13187,-1,28228,GA,Lumpkin
13189,-1,21527,GA,McDuffie
13191,-1,13623,GA,McIntosh
13193,-1,14402,GA,Macon
13195,-1,27649,GA,Madison
13197,-1,8255,GA,Marion
13199,-1,22506,GA,Meriwether
13201,-1,6124,GA,Miller
13205,-1,23974,GA,Mitchell
13207,-1,25726,GA,Monroe
13209,-1,9175,GA,Montgomery
13211,-1,17648,GA,Morgan
13213,10,40138,GA,Murray
13215,-1,184704,GA,Muscogee
13217,12,95699,GA,Newton
13219,-1,30755,GA,Oconee
13221,-1,14382,GA,Oglethorpe
13223,20,131172,GA,Paulding
13225,-1,26467,GA,Peach
13227,-1,29095,GA,Pickens
13229,-1,17933,GA,Pierce
13231,-1,17220,GA,Pike
13233,-1,40789,GA,Polk
13235,-1,11445,GA,Pulaski
13237,-1,20800,GA,Putnam
13239,-1,2529,GA,Quitman
13241,-1,16306,GA,Rabun
13243,-1,7758,GA,Randolph
13245,20,196483,GA,Richmond
13247,12,82146,GA,Rockdale
13249,-1,4601,GA,Schley
13251,-1,14865,GA,Screven
13253,-1,8800,GA,Seminole
13255,-1,62682,GA,Spalding
13257,-1,25620,GA,Stephens
13259,-1,5691,GA,Stewart
13261,-1,32987,GA,Sumter
13263,-1,7026,GA,Talbot
13265,-1,1851,GA,Taliaferro
13267,-1,23444,GA,Tattnall
13269,-1,8868,GA,Taylor
13271,-1,15932,GA,Telfair
13273,-1,9701,GA,Terrell
13275,-1,44269,GA,Thomas
13277,-1,39720,GA,Tift
13279,-1,27185,GA,Toombs
13281,-1,10452,GA,Towns
13283,-1,6773,GA,Treutlen
13285,-1,64894,GA,Troup
13287,-1,9111,GA,Turner
13289,-1,9545,GA,Twiggs
13291,-1,20988,GA,Union
13293,-1,27423,GA,Upson
13295,10,67405,GA,Walker
13297,-1,80440,GA,Walton
13299,-1,36016,GA,Ware
13301,-1,5981,GA,Warren
13303,-1,21155,GA,Washington
13305,-1,29421,GA,Wayne
13307,-1,2735,GA,Webster
13309,-1,6918,GA,Wheeler
13311,-1,26173,GA,White
13313,11,98654,GA,Whitfield
13315,-1,8889,GA,Wilcox
13317,-1,10524,GA,Wilkes
13319,-1,9750,GA,Wilkinson
13321,-1,21646,GA,Worth
15001,19,177733,HI,Hawaii
15003,96,925335,HI,Honolulu
15005,-1,105,HI,Kalawao
15007,10,64490,HI,Kauai
15009,11,148012,HI,Maui
16001,44,375368,ID,Ada
16003,-1,3949,ID,Adams
16005,-1,79338,ID,Bannock
16007,-1,6049,ID,Bear Lake
16009,-1,9296,ID,Benewah
16011,-1,43816,ID,Bingham
16013,-1,21169,ID,Blaine
16015,-1,7229,ID,Boise
16017,-1,40738,ID,Bonner
16019,10,97890,ID,Bonneville
16021,-1,10754,ID,Boundary
16023,-1,2838,ID,Butte
16025,-1,1103,ID,Camas
16027,-1,179645,ID,Canyon
16029,-1,6873,ID,Caribou
16031,-1,21568,ID,Cassia
16033,-1,948,ID,Clark
16035,-1,8788,ID,Clearwater
16037,-1,4200,ID,Custer
16039,-1,26595,ID,Elmore
16041,-1,12277,ID,Franklin
16043,-1,13005,ID,Fremont
16045,-1,16833,ID,Gem
16047,-1,14963,ID,Gooding
16049,-1,15770,ID,Idaho
16051,-1,23475,ID,Jefferson
16053,-1,20572,ID,Jerome
16055,-1,132811,ID,Kootenai
16057,-1,36179,ID,Latah
16059,-1,7780,ID,Lemhi
16061,-1,3707,ID,Lewis
16063,-1,4938,ID,Lincoln
16065,-1,35771,ID,Madison
16067,-1,19184,ID,Minidoka
16069,-1,38720,ID,Nez Perce
16071,-1,4167,ID,Oneida
16073,-1,11255,ID,Owyhee
16075,-1,22437,ID,Payette
16077,-1,7532,ID,Power
16079,-1,12949,ID,Shoshone
16081,-1,8932,ID,Teton
16083,-1,73738,ID,Twin Falls
16085,-1,9929,ID,Valley
16087,-1,10027,ID,Washington
17001,-1,66943,IL,Adams
17003,-1,8552,IL,Alexander
17005,-1,18077,IL,Bond
17007,-1,53512,IL,Boone
17009,-1,6833,IL,Brown
17011,-1,35153,IL,Bureau
17013,-1,5160,IL,Calhoun
17015,-1,15734,IL,Carroll
17017,-1,13699,IL,Cass
17019,14,196621,IL,Champaign
17021,-1,35034,IL,Christian
17023,-1,16682,IL,Clark
17025,-1,13975,IL,Clay
17027,-1,37160,IL,Clinton
17029,-1,53492,IL,Coles
17031,519,5154235,IL,Cook
17033,-1,19886,IL,Crawford
17035,-1,11077,IL,Cumberland
17037,-1,103746,IL,DeKalb
17039,-1,16742,IL,De Witt
17041,-1,20061,IL,Douglas
17043,64,907426,IL,DuPage
17045,-1,18929,IL,Edgar
17047,-1,6728,IL,Edwards
17049,-1,34191,IL,Effingham
17051,-1,21890,IL,Fayette
17053,-1,14213,IL,Ford
17055,-1,39473,IL,Franklin
17057,-1,37272,IL,Fulton
17059,-1,5883,IL,Gallatin
17061,-1,14001,IL,Greene
17063,-1,48175,IL,Grundy
17065,-1,8416,IL,Hamilton
17067,-1,19359,IL,Hancock
17069,-1,4462,IL,Hardin
17071,-1,7565,IL,Henderson
17073,-1,50528,IL,Henry
17075,-1,30282,IL,Iroquois
17077,-1,59518,IL,Jackson
17079,-1,9776,IL,Jasper
17081,-1,39412,IL,Jefferson
17083,-1,22838,IL,Jersey
17085,-1,22758,IL,Jo Daviess
17087,-1,12792,IL,Johnson
17089,30,495752,IL,Kane
17091,10,111499,IL,Kankakee
17093,-1,100917,IL,Kendall
17095,-1,52894,IL,Knox
17097,74,692995,IL,Lake
17099,21,113794,IL,LaSalle
17101,-1,16952,IL,Lawrence
17103,-1,36191,IL,Lee
17105,-1,39069,IL,Livingston
17107,-1,30498,IL,Logan
17109,-1,32945,IL,McDonough
17111,24,305117,IL,McHenry
17113,14,165223,IL,McLean
17115,10,110751,IL,Macon
17117,-1,48195,IL,Macoupin
17119,40,267382,IL,Madison
17121,-1,39898,IL,Marion
17123,-1,12896,IL,Marshall
17125,-1,15078,IL,Mason
17127,-1,15471,IL,Massac
17129,-1,12746,IL,Menard
17131,-1,16598,IL,Mercer
17133,-1,32139,IL,Monroe
17135,-1,30295,IL,Montgomery
17137,-1,35936,IL,Morgan
17139,-1,14666,IL,Moultrie
17141,-1,53634,IL,Ogle
17143,13,184048,IL,Peoria
17145,-1,22596,IL,Perry
17147,-1,16664,IL,Piatt
17149,-1,16772,IL,Pike
17151,-1,4439,IL,Pope
17153,-1,6359,IL,Pulaski
17155,-1,5987,IL,Putnam
17157,-1,33598,IL,Randolph
17159,-1,16153,IL,Richland
17161,10,147918,IL,Rock Island
17163,18,264764,IL,St. Clair
17165,-1,25390,IL,Saline
17167,23,194025,IL,Sangamon
17169,-1,7545,IL,Schuyler
17171,-1,5388,IL,Scott
17173,-1,22314,IL,Shelby
17175,-1,6143,IL,Stark
17177,-1,47794,IL,Stephenson
17179,13,133131,IL,Tazewell
17181,-1,18066,IL,Union
17183,14,82258,IL,Vermilion
17185,-1,12237,IL,Wabash
17187,-1,17828,IL,Warren
17189,-1,14890,IL,Washington
17191,-1,16951,IL,Wayne
17193,-1,14796,IL,White
17195,-1,58819,IL,Whiteside
17197,58,664048,IL,Will
17199,10,65201,IL,Williamson
17201,37,293991,IL,Winnebago
17203,-1,37961,IL,Woodford
18001,-1,33962,IN,Adams
18003,24,349534,IN,Allen
18005,16,75265,IN,Bartholomew
18007,-1,8805,IN,Benton
18009,-1,13078,IN,Blackford
18011,-1,53778,IN,Boone
18013,-1,15274,IN,Brown
18015,-1,20118,IN,Carroll
18017,-1,39033,IN,Cass
18019,14,105672,IN,Clark
18021,-1,26983,IN,Clay
18023,-1,33188,IN,Clinton
18025,-1,10933,IN,Crawford
18027,-1,30702,IN,Daviess
18029,-1,49348,IN,Dearborn
18031,-1,25486,IN,Decatur
18033,-1,41876,IN,De Kalb
18035,12,117229,IN,Delaware
18037,-1,41728,IN,Dubois
18039,14,196304,IN,Elkhart
18041,-1,24413,IN,Fayette
18043,-1,72876,IN,Floyd
18045,-1,17396,IN,Fountain
18047,-1,23276,IN,Franklin
18049,-1,20571,IN,Fulton
18051,-1,33290,IN,Gibson
18053,15,70012,IN,Grant
18055,-1,33020,IN,Greene
18057,26,253725,IN,Hamilton
18059,-1,67115,IN,Hancock
18061,-1,38142,IN,Harrison
18063,12,137267,IN,Hendricks
18065,18,48030,IN,Henry
18067,27,83743,IN,Howard
18069,-1,37447,IN,Huntington
18071,-1,41693,IN,Jackson
18073,-1,32894,IN,Jasper
18075,-1,21580,IN,Jay
18077,-1,32140,IN,Jefferson
18079,-1,28502,IN,Jennings
18081,21,133933,IN,Johnson
18083,-1,38325,IN,Knox
18085,10,76832,IN,Kosciusko
18087,-1,36931,IN,Lagrange
18089,27,493403,IN,Lake
18091,17,110846,IN,La Porte
18093,-1,46300,IN,Lawrence
18095,23,131203,IN,Madison
18097,124,883591,IN,Marion
18099,-1,46871,IN,Marshall
18101,-1,10334,IN,Martin
18103,-1,37580,IN,Miami
18105,18,132514,IN,Monroe
18107,-1,38172,IN,Montgomery
18109,-1,68354,IN,Morgan
18111,-1,14374,IN,Newton
18113,-1,47419,IN,Noble
18115,-1,5992,IN,Ohio
18117,-1,19868,IN,Orange
18119,-1,21838,IN,Owen
18121,-1,17449,IN,Parke
18123,-1,19379,IN,Perry
18125,-1,13047,IN,Pike
18127,12,160835,IN,Porter
18129,-1,26229,IN,Posey
18131,-1,13724,IN,Pulaski
18133,-1,38189,IN,Putnam
18135,-1,26223,IN,Randolph
18137,-1,28361,IN,Ripley
18139,-1,17756,IN,Rush
18141,27,266045,IN,St. Joseph
18143,-1,24137,IN,Scott
18145,14,44086,IN,Shelby
18147,-1,21032,IN,Spencer
18149,14,23260,IN,Starke
18151,-1,34004,IN,Steuben
18153,-1,21558,IN,Sullivan
18155,-1,10271,IN,Switzerland
18157,20,166226,IN,Tippecanoe
18159,-1,16257,IN,Tipton
18161,-1,7467,IN,Union
18163,31,177789,IN,Vanderburgh
18165,-1,16561,IN,Vermillion
18167,15,106885,IN,Vigo
18169,-1,33361,IN,Wabash
18171,-1,8554,IN,Warren
18173,-1,57754,IN,Warrick
18175,-1,28236,IN,Washington
18177,-1,69365,IN,Wayne
18179,-1,27836,IN,Wells
18181,-1,24762,IN,White
18183,-1,32853,IN,Whitley
19001,-1,7871,IA,Adair
19003,-1,4195,IA,Adams
19005,-1,14335,IA,Allamakee
19007,-1,13105,IA,Appanoose
19009,-1,6222,IA,Audubon
19011,-1,26066,IA,Benton
19013,-1,127756,IA,Black Hawk
19015,-1,26553,IA,Boone
19017,-1,24237,IA,Bremer
19019,-1,21069,IA,Buchanan
19021,-1,19798,IA,Buena Vista
19023,-1,14961,IA,Butler
19025,-1,9947,IA,Calhoun
19027,-1,20869,IA,Carroll
19029,-1,13988,IA,Cass
19031,-1,18321,IA,Cedar
19033,-1,44461,IA,Cerro Gordo
19035,-1,12152,IA,Cherokee
19037,-1,12540,IA,Chickasaw
19039,-1,9149,IA,Clarke
19041,-1,16725,IA,Clay
19043,-1,18259,IA,Clayton
19045,-1,49342,IA,Clinton
19047,-1,16931,IA,Crawford
19049,-1,59164,IA,Dallas
19051,-1,8676,IA,Davis
19053,-1,8569,IA,Decatur
19055,-1,17981,IA,Delaware
19057,-1,40206,IA,Des Moines
19059,-1,16634,IA,Dickinson
19061,-1,92130,IA,Dubuque
19063,-1,10417,IA,Emmet
19065,-1,21005,IA,Fayette
19067,-1,16497,IA,Floyd
19069,-1,10759,IA,Franklin
19071,-1,7642,IA,Fremont
19073,-1,9548,IA,Greene
19075,-1,12317,IA,Grundy
19077,-1,11116,IA,Guthrie
19079,-1,15987,IA,Hamilton
19081,-1,11580,IA,Hancock
19083,-1,17789,IA,Hardin
19085,-1,15177,IA,Harrison
19087,-1,20359,IA,Henry
19089,-1,9636,IA,Howard
19091,-1,9935,IA,Humboldt
19093,-1,7228,IA,Ida
19095,-1,16308,IA,Iowa
19097,-1,20015,IA,Jackson
19099,-1,37167,IA,Jasper
19101,-1,16600,IA,Jefferson
19103,-1,124541,IA,Johnson
19105,-1,20803,IA,Jones
19107,-1,10688,IA,Keokuk
19109,-1,15878,IA,Kossuth
19111,-1,36130,IA,Lee
19113,20,205840,IA,Linn
19115,-1,11892,IA,Louisa
19117,-1,9280,IA,Lucas
19119,-1,11536,IA,Lyon
19121,-1,15418,IA,Madison
19123,-1,22388,IA,Mahaska
19125,-1,33279,IA,Marion
19127,-1,39875,IA,Marshall
19129,-1,15239,IA,Mills
19131,-1,10812,IA,Mitchell
19133,-1,9423,IA,Monona
19135,-1,7877,IA,Monroe
19137,-1,10981,IA,Montgomery
19139,-1,42325,IA,Muscatine
19141,-1,14421,IA,O'Brien
19143,-1,6600,IA,Osceola
19145,-1,16256,IA,Page
19147,-1,9577,IA,Palo Alto
19149,-1,24886,IA,Plymouth
19151,-1,7667,IA,Pocahontas
19153,48,413024,IA,Polk
19155,10,91239,IA,Pottawattamie
19157,-1,19140,IA,Poweshiek
19159,-1,5201,IA,Ringgold
19161,-1,10532,IA,Sac
19163,19,160077,IA,Scott
19165,-1,12496,IA,Shelby
19167,-1,33150,IA,Sioux
19169,-1,86540,IA,Story
19171,-1,18064,IA,Tama
19173,-1,6448,IA,Taylor
19175,-1,12319,IA,Union
19177,-1,7690,IA,Van Buren
19179,-1,35458,IA,Wapello
19181,-1,44868,IA,Warren
19183,-1,21588,IA,Washington
19185,-1,6376,IA,Wayne
19187,-1,38393,IA,Webster
19189,-1,10986,IA,Winnebago
19191,-1,21078,IA,Winneshiek
19193,12,100492,IA,Woodbury
19195,-1,7655,IA,Worth
19197,-1,13492,IA,Wright
20001,-1,13545,KS,Allen
20003,-1,8040,KS,Anderson
20005,-1,16864,KS,Atchison
20007,-1,4927,KS,Barber
20009,-1,27492,KS,Barton
20011,-1,15038,KS,Bourbon
20013,-1,10036,KS,Brown
20015,10,64213,KS,Butler
20017,-1,2840,KS,Chase
20019,-1,3757,KS,Chautauqua
20021,-1,21896,KS,Cherokee
20023,-1,2810,KS,Cheyenne
20025,-1,2200,KS,Clark
20027,-1,8527,KS,Clay
20029,-1,9525,KS,Cloud
20031,-1,8542,KS,Coffey
20033,-1,1841,KS,Comanche
20035,-1,36148,KS,Cowley
20037,10,38922,KS,Crawford
20039,-1,3043,KS,Decatur
20041,-1,19454,KS,Dickinson
20043,-1,7988,KS,Doniphan
20045,13,107892,KS,Douglas
20047,-1,3068,KS,Edwards
20049,-1,2939,KS,Elk
20051,-1,27710,KS,Ellis
20053,-1,6503,KS,Ellsworth
20055,-1,35663,KS,Finney
20057,-1,32168,KS,Ford
20059,-1,25734,KS,Franklin
20061,-1,27951,KS,Geary
20063,-1,2757,KS,Gove
20065,-1,2707,KS,Graham
20067,-1,7756,KS,Grant
20069,-1,5735,KS,Gray
20071,-1,1275,KS,Greeley
20073,-1,6957,KS,Greenwood
20075,-1,2633,KS,Hamilton
20077,-1,5998,KS,Harper
20079,-1,33823,KS,Harvey
20081,-1,4184,KS,Haskell
20083,-1,1959,KS,Hodgeman
20085,-1,13348,KS,Jackson
20087,-1,19049,KS,Jefferson
20089,-1,3200,KS,Jewell
20091,45,523879,KS,Johnson
20093,-1,3928,KS,Kearny
20095,-1,8011,KS,Kingman
20097,-1,2837,KS,Kiowa
20099,-1,21928,KS,Labette
20101,-1,1763,KS,Lane
20103,-1,73791,KS,Leavenworth
20105,-1,3365,KS,Lincoln
20107,-1,9858,KS,Linn
20109,-1,2798,KS,Logan
20111,-1,36018,KS,Lyon
20113,-1,29250,KS,McPherson
20115,-1,12707,KS,Marion
20117,-1,10150,KS,Marshall
20119,-1,4490,KS,Meade
20121,-1,31962,KS,Miami
20123,-1,6389,KS,Mitchell
20125,-1,35504,KS,Montgomery
20127,-1,5931,KS,Morris
20129,-1,3256,KS,Morton
20131,-1,10325,KS,Nemaha
20133,-1,16578,KS,Neosho
20135,-1,3150,KS,Ness
20137,-1,5698,KS,Norton
20139,-1,16468,KS,Osage
20141,-1,3916,KS,Osborne
20143,-1,6101,KS,Ottawa
20145,-1,6930,KS,Pawnee
20147,-1,5588,KS,Phillips
20149,-1,20395,KS,Pottawatomie
20151,-1,9698,KS,Pratt
20153,-1,2655,KS,Rawlins
20155,-1,63683,KS,Reno
20157,-1,5124,KS,Republic
20159,-1,10103,KS,Rice
20161,-1,67329,KS,Riley
20163,-1,5275,KS,Rooks
20165,-1,3273,KS,Rush
20167,-1,6943,KS,Russell
20169,-1,54723,KS,Saline
20171,-1,4707,KS,Scott
20173,67,478479,KS,Sedgwick
20175,-1,22409,KS,Seward
20177,18,174162,KS,Shawnee
20179,-1,2578,KS,Sheridan
20181,-1,6004,KS,Sherman
20183,-1,4008,KS,Smith
20185,-1,4460,KS,Stafford
20187,-1,2176,KS,Stanton
20189,-1,5397,KS,Stevens
20191,-1,24290,KS,Sumner
20193,-1,7681,KS,Thomas
20195,-1,2971,KS,Trego
20197,-1,6998,KS,Wabaunsee
20199,-1,1481,KS,Wallace
20201,-1,5880,KS,Washington
20203,-1,2264,KS,Wichita
20205,-1,9783,KS,Wilson
20207,-1,3363,KS,Woodson
20209,16,154267,KS,Wyandotte
21001,-1,18493,KY,Adair
21003,-1,19540,KY,Allen
21005,-1,20999,KY,Anderson
21007,-1,8190,KY,Ballard
21009,-1,41435,KY,Barren
21011,-1,11470,KY,Bath
21013,14,28794,KY,Bell
21015,21,112308,KY,Boone
21017,-1,19891,KY,Bourbon
21019,10,49154,KY,Boyd
21021,-1,28112,KY,Boyle
21023,-1,8468,KY,Bracken
21025,-1,14327,KY,Breathitt
21027,-1,19819,KY,Breckinridge
21029,-1,71577,KY,Bullitt
21031,-1,12759,KY,Butler
21033,-1,12882,KY,Caldwell
21035,-1,36585,KY,Calloway
21037,14,88302,KY,Campbell
21039,-1,5109,KY,Carlisle
21041,-1,10595,KY,Carroll
21043,12,27971,KY,Carter
21045,-1,15908,KY,Casey
21047,-1,73128,KY,Christian
21049,-1,35207,KY,Clark
21051,-1,22332,KY,Clay
21053,-1,10120,KY,Clinton
21055,-1,9278,KY,Crittenden
21057,-1,6959,KY,Cumberland
21059,20,94647,KY,Daviess
21061,-1,12055,KY,Edmonson
21063,-1,7134,KY,Elliott
21065,-1,14778,KY,Estill
21067,49,283291,KY,Fayette
21069,-1,14349,KY,Fleming
21071,19,40261,KY,Floyd
21073,-1,48795,KY,Franklin
21075,-1,6861,KY,Fulton
21077,-1,8337,KY,Gallatin
21079,-1,16887,KY,Garrard
21081,-1,24544,KY,Grant
21083,-1,36932,KY,Graves
21085,-1,25444,KY,Grayson
21087,-1,11412,KY,Green
21089,-1,36939,KY,Greenup
21091,-1,8536,KY,Hancock
21093,12,98728,KY,Hardin
21095,-1,29969,KY,Harlan
21097,-1,18725,KY,Harrison
21099,-1,18172,KY,Hart
21101,-1,45696,KY,Henderson
21103,-1,15465,KY,Henry
21105,-1,4955,KY,Hickman
21107,-1,46834,KY,Hopkins
21109,-1,13606,KY,Jackson
21111,96,723040,KY,Jefferson
21113,-1,46044,KY,Jessamine
21115,10,23354,KY,Johnson
21117,28,157240,KY,Kenton
21119,-1,16640,KY,Knott
21121,-1,31668,KY,Knox
21123,-1,14008,KY,Larue
21125,13,57938,KY,Laurel
21127,-1,15815,KY,Lawrence
21129,-1,7855,KY,Lee
21131,-1,11585,KY,Leslie
21133,-1,24499,KY,Letcher
21135,-1,14069,KY,Lewis
21137,-1,24875,KY,Lincoln
21139,-1,9508,KY,Livingston
21141,-1,26911,KY,Logan
21143,-1,8393,KY,Lyon
21145,-1,64925,KY,McCracken
21147,-1,18053,KY,McCreary
21149,-1,9717,KY,McLean
21151,-1,80659,KY,Madison
21153,-1,13316,KY,Magoffin
21155,-1,19458,KY,Marion
21157,-1,31443,KY,Marshall
21159,-1,13224,KY,Martin
21161,-1,17259,KY,Mason
21163,-1,29108,KY,Meade
21165,-1,6486,KY,Menifee
21167,-1,21255,KY,Mercer
21169,-1,10187,KY,Metcalfe
21171,-1,11171,KY,Monroe
21173,-1,25550,KY,Montgomery
21175,-1,14191,KY,Morgan
21177,-1,31627,KY,Muhlenberg
21179,-1,42020,KY,Nelson
21181,-1,7143,KY,Nicholas
21183,-1,23794,KY,Ohio
21185,-1,57991,KY,Oldham
21187,-1,11000,KY,Owen
21189,-1,4729,KY,Owsley
21191,-1,14935,KY,Pendleton
21193,-1,28742,KY,Perry
21195,31,65431,KY,Pike
21197,-1,12926,KY,Powell
21199,-1,61440,KY,Pulaski
21201,-1,2244,KY,Robertson
21203,-1,17078,KY,Rockcastle
21205,-1,22914,KY,Rowan
21207,-1,17297,KY,Russell
21209,-1,43491,KY,Scott
21211,-1,40335,KY,Shelby
21213,-1,17187,KY,Simpson
21215,-1,16346,KY,Spencer
21217,-1,24078,KY,Taylor
21219,-1,12169,KY,Todd
21221,-1,14079,KY,Trigg
21223,-1,8903,KY,Trimble
21225,-1,15060,KY,Union
21227,-1,107356,KY,Warren
21229,-1,11640,KY,Washington
21231,-1,20667,KY,Wayne
21233,-1,13867,KY,Webster
21235,-1,36138,KY,Whitley
21237,-1,7323,KY,Wolfe
21239,-1,24214,KY,Woodford
22001,25,60762,LA,Acadia
22003,-1,25937,LA,Allen
22005,14,100132,LA,Ascension
22007,-1,23543,LA,Assumption
22009,-1,41809,LA,Avoyelles
22011,14,34623,LA,Beauregard
22013,-1,14699,LA,Bienville
22015,19,112048,LA,Bossier
22017,41,251760,LA,Caddo
22019,58,187081,LA,Calcasieu
22021,-1,10189,LA,Caldwell
22023,-1,7517,LA,Cameron
22025,-1,10481,LA,Catahoula
22027,-1,17149,LA,Claiborne
22029,-1,20244,LA,Concordia
22031,-1,26413,LA,De Soto
22033,39,433344,LA,East Baton Rouge
22035,-1,8102,LA,East Carroll
22037,-1,20432,LA,East Feliciana
22039,-1,34873,LA,Evangeline
22041,-1,20740,LA,Franklin
22043,-1,21268,LA,Grant
22045,-1,73482,LA,Iberia
22047,-1,33603,LA,Iberville
22049,-1,15922,LA,Jackson
22051,126,432683,LA,Jefferson
22053,12,31379,LA,Jefferson Davis
22055,42,211826,LA,Lafayette
22057,14,94745,LA,Lafourche
22059,-1,14570,LA,LaSalle
22061,-1,45323,LA,Lincoln
22063,26,119528,LA,Livingston
22065,-1,12410,LA,Madison
22067,-1,28478,LA,Morehouse
22069,-1,39114,LA,Natchitoches
22071,50,268751,LA,Orleans
22073,19,151157,LA,Ouachita
22075,-1,22709,LA,Plaquemines
22077,-1,22848,LA,Pointe Coupee
22079,-1,130238,LA,Rapides
22081,-1,9245,LA,Red River
22083,-1,20670,LA,Richland
22085,-1,24090,LA,Sabine
22087,15,23613,LA,St. Bernard
22089,11,52765,LA,St. Charles
22091,-1,11070,LA,St. Helena
22093,-1,22164,LA,St. James
22095,-1,47386,LA,St. John the Baptist
22097,16,84710,LA,St. Landry
22099,-1,51410,LA,St. Martin
22101,-1,54104,LA,St. Mary
22103,65,226294,LA,St. Tammany
22105,28,116792,LA,Tangipahoa
22107,-1,5513,LA,Tensas
22109,17,110656,LA,Terrebonne
22111,-1,22770,LA,Union
22113,12,56835,LA,Vermilion
22115,-1,49796,LA,Vernon
22117,15,46376,LA,Washington
22119,10,41275,LA,Webster
22121,-1,23184,LA,West Baton Rouge
22123,-1,11708,LA,West Carroll
22125,-1,15655,LA,West Feliciana
22127,-1,15588,LA,Winn
23001,11,107739,ME,Androscoggin
23003,-1,72711,ME,Aroostook
23005,40,278781,ME,Cumberland
23007,-1,30596,ME,Franklin
23009,-1,54300,ME,Hancock
23011,16,121741,ME,Kennebec
23013,-1,40297,ME,Knox
23015,-1,34899,ME,Lincoln
23017,12,57966,ME,Oxford
23019,15,152232,ME,Penobscot
23021,-1,17660,ME,Piscataquis
23023,-1,35890,ME,Sagadahoc
23025,-1,52459,ME,Somerset
23027,-1,38751,ME,Waldo
23029,-1,33424,ME,Washington
23031,23,197594,ME,York
24001,10,74449,MD,Allegany
24003,79,520503,MD,Anne Arundel
24005,129,796073,MD,Baltimore
24009,14,87445,MD,Calvert
24011,-1,32720,MD,Caroline
24013,23,167390,MD,Carroll
24015,30,99628,MD,Cecil
24017,12,142721,MD,Charles
24019,-1,32172,MD,Dorchester
24021,18,227463,MD,Frederick
24023,-1,30148,MD,Garrett
24025,34,241634,MD,Harford
24027,19,275196,MD,Howard
24029,-1,19801,MD,Kent
24031,55,931694,MD,Montgomery
24033,42,849916,MD,Prince George's
24035,-1,46517,MD,Queen Anne's
24037,-1,100599,MD,St. Mary's
24039,-1,26534,MD,Somerset
24041,-1,37167,MD,Talbot
24043,20,146173,MD,Washington
24045,-1,96110,MD,Wicomico
24047,-1,51049,MD,Worcester
24510,242,620306,MD,Baltimo
25001,44,218380,MA,Barnstable
25003,20,131883,MA,Berkshire
25005,94,545288,MA,Bristol
25007,-1,15919,MA,Dukes
25009,124,730664,MA,Essex
25011,-1,71577,MA,Franklin
25013,62,461434,MA,Hampden
25015,17,156842,MA,Hampshire
25017,165,1463106,MA,Middlesex
25019,-1,9985,MA,Nantucket
25021,76,656582,MA,Norfolk
25023,71,488251,MA,Plymouth
25025,136,693368,MA,Suffolk
25027,103,788280,MA,Worcester
26001,-1,11412,MI,Alcona
26003,-1,9779,MI,Alger
26005,17,111427,MI,Allegan
26007,-1,30180,MI,Alpena
26009,-1,24248,MI,Antrim
26011,-1,16811,MI,Arenac
26013,-1,8930,MI,Baraga
26015,-1,59969,MI,Barry
26017,17,108132,MI,Bay
26019,-1,17863,MI,Benzie
26021,19,157378,MI,Berrien
26023,-1,46788,MI,Branch
26025,27,137582,MI,Calhoun
26027,-1,52623,MI,Cass
26029,-1,26499,MI,Charlevoix
26031,-1,27093,MI,Cheboygan
26033,-1,39314,MI,Chippewa
26035,-1,31353,MI,Clare
26037,-1,73740,MI,Clinton
26039,-1,14455,MI,Crawford
26041,-1,37584,MI,Delta
26043,-1,26881,MI,Dickinson
26045,11,108358,MI,Eaton
26047,-1,32794,MI,Emmet
26049,53,438109,MI,Genesee
26051,10,26285,MI,Gladwin
26053,-1,16515,MI,Gogebic
26055,-1,85579,MI,Grand Traverse
26057,-1,42824,MI,Gratiot
26059,-1,47336,MI,Hillsdale
26061,-1,35839,MI,Houghton
26063,-1,34034,MI,Huron
26065,31,281706,MI,Ingham
26067,-1,65189,MI,Ionia
26069,-1,26749,MI,Iosco
26071,-1,12183,MI,Iron
26073,-1,69012,MI,Isabella
26075,-1,163316,MI,Jackson
26077,22,245431,MI,Kalamazoo
26079,-1,17540,MI,Kalkaska
26081,63,598077,MI,Kent
26083,-1,2104,MI,Keweenaw
26085,-1,11692,MI,Lake
26087,-1,91130,MI,Lapeer
26089,-1,21809,MI,Leelanau
26091,-1,101657,MI,Lenawee
26093,18,181903,MI,Livingston
26095,-1,6791,MI,Luce
26097,-1,11448,MI,Mackinac
26099,169,835703,MI,Macomb
26101,-1,25077,MI,Manistee
26103,-1,66131,MI,Marquette
26105,-1,28685,MI,Mason
26107,-1,42640,MI,Mecosta
26109,-1,24322,MI,Menominee
26111,-1,83600,MI,Midland
26113,-1,15009,MI,Missaukee
26115,30,153424,MI,Monroe
26117,-1,63560,MI,Montcalm
26119,-1,9996,MI,Montmorency
26121,33,173738,MI,Muskegon
26123,-1,49328,MI,Newaygo
26125,80,1199862,MI,Oakland
26127,-1,27251,MI,Oceana
26129,-1,21941,MI,Ogemaw
26131,-1,7133,MI,Ontonagon
26133,-1,23827,MI,Osceola
26135,-1,9039,MI,Oscoda
26137,-1,24719,MI,Otsego
26139,29,260037,MI,Ottawa
26141,-1,13942,MI,Presque Isle
26143,10,25318,MI,Roscommon
26145,28,203144,MI,Saginaw
26147,23,167526,MI,St. Clair
26149,-1,62243,MI,St. Joseph
26151,-1,44629,MI,Sanilac
26153,-1,8823,MI,Schoolcraft
26155,14,72426,MI,Shiawassee
26157,-1,57169,MI,Tuscola
26159,13,76639,MI,Van Buren
26161,26,345310,MI,Washtenaw
26163,279,1900992,MI,Wayne
26165,-1,32650,MI,Wexford
27001,-1,16481,MN,Aitkin
27003,19,325767,MN,Anoka
27005,-1,32142,MN,Becker
27007,-1,43281,MN,Beltrami
27009,-1,38007,MN,Benton
27011,-1,5366,MN,Big Stone
27013,-1,61974,MN,Blue Earth
27015,-1,26130,MN,Brown
27017,-1,34596,MN,Carlton
27019,-1,87270,MN,Carver
27021,-1,28681,MN,Cass
27023,-1,12401,MN,Chippewa
27025,-1,52312,MN,Chisago
27027,10,55805,MN,Clay
27029,-1,8541,MN,Clearwater
27031,-1,5217,MN,Cook
27033,-1,11748,MN,Cottonwood
27035,-1,61484,MN,Crow Wing
27037,19,390767,MN,Dakota
27039,-1,19613,MN,Dodge
27041,-1,35903,MN,Douglas
27043,-1,14986,MN,Faribault
27045,-1,21092,MN,Fillmore
27047,-1,31511,MN,Freeborn
27049,-1,45866,MN,Goodhue
27051,-1,6138,MN,Grant
27053,99,1126585,MN,Hennepin
27055,-1,19392,MN,Houston
27057,-1,20123,MN,Hubbard
27059,-1,37711,MN,Isanti
27061,-1,44809,MN,Itasca
27063,-1,10523,MN,Jackson
27065,-1,16495,MN,Kanabec
27067,-1,41639,MN,Kandiyohi
27069,-1,4640,MN,Kittson
27071,-1,13577,MN,Koochiching
27073,-1,7419,MN,Lac qui Parle
27075,-1,10938,MN,Lake
27077,-1,4205,MN,Lake of the Woods
27079,-1,27870,MN,Le Sueur
27081,-1,5949,MN,Lincoln
27083,-1,25403,MN,Lyon
27085,-1,36961,MN,McLeod
27087,-1,5352,MN,Mahnomen
27089,-1,9651,MN,Marshall
27091,-1,20878,MN,Martin
27093,-1,23407,MN,Meeker
27095,-1,26108,MN,Mille Lacs
27097,-1,33024,MN,Morrison
27099,-1,38672,MN,Mower
27101,-1,8788,MN,Murray
27103,-1,31989,MN,Nicollet
27105,-1,20723,MN,Nobles
27107,-1,6860,MN,Norman
27109,-1,139369,MN,Olmsted
27111,-1,57677,MN,Otter Tail
27113,-1,13840,MN,Pennington
27115,-1,29210,MN,Pine
27117,-1,9520,MN,Pipestone
27119,-1,31273,MN,Polk
27121,-1,11087,MN,Pope
27123,51,499605,MN,Ramsey
27125,-1,4093,MN,Red Lake
27127,-1,16053,MN,Redwood
27129,-1,16227,MN,Renville
27131,-1,62387,MN,Rice
27133,-1,9588,MN,Rock
27135,-1,15959,MN,Roseau
27137,16,198903,MN,St. Louis
27139,-1,124050,MN,Scott
27141,-1,85968,MN,Sherburne
27143,-1,15263,MN,Sibley
27145,-1,146591,MN,Stearns
27147,-1,36342,MN,Steele
27149,-1,9660,MN,Stevens
27151,-1,10058,MN,Swift
27153,-1,24819,MN,Todd
27155,-1,3709,MN,Traverse
27157,-1,21708,MN,Wabasha
27159,-1,13840,MN,Wadena
27161,-1,19407,MN,Waseca
27163,11,229756,MN,Washington
27165,-1,11231,MN,Watonwan
27167,-1,6715,MN,Wilkin
27169,-1,51316,MN,Winona
27171,-1,118635,MN,Wright
27173,-1,10574,MN,Yellow Medicine
28001,-1,32889,MS,Adams
28003,-1,36608,MS,Alcorn
28005,-1,13400,MS,Amite
28007,-1,19511,MS,Attala
28009,-1,8603,MS,Benton
28011,-1,35628,MS,Bolivar
28013,-1,14967,MS,Calhoun
28015,-1,10630,MS,Carroll
28017,-1,17884,MS,Chickasaw
28019,-1,8680,MS,Choctaw
28021,-1,9962,MS,Claiborne
28023,-1,16857,MS,Clarke
28025,-1,21017,MS,Clay
28027,-1,27025,MS,Coahoma
28029,-1,29565,MS,Copiah
28031,-1,19510,MS,Covington
28033,10,150688,MS,DeSoto
28035,-1,74057,MS,Forrest
28037,-1,8165,MS,Franklin
28039,-1,21764,MS,George
28041,-1,13776,MS,Greene
28043,-1,22335,MS,Grenada
28045,13,41707,MS,Hancock
28047,35,179054,MS,Harrison
28049,12,246546,MS,Hinds
28051,-1,19710,MS,Holmes
28053,-1,9666,MS,Humphreys
28055,-1,1552,MS,Issaquena
28057,-1,23271,MS,Itawamba
28059,42,136028,MS,Jackson
28061,-1,17492,MS,Jasper
28063,-1,8127,MS,Jefferson
28065,-1,12749,MS,Jefferson Davis
28067,-1,66760,MS,Jones
28069,-1,10486,MS,Kemper
28071,-1,45027,MS,Lafayette
28073,-1,50920,MS,Lamar
28075,-1,78794,MS,Lauderdale
28077,-1,13043,MS,Lawrence
28079,-1,23353,MS,Leake
28081,-1,80561,MS,Lee
28083,-1,33540,MS,Leflore
28085,-1,34398,MS,Lincoln
28087,-1,59355,MS,Lowndes
28089,-1,90195,MS,Madison
28091,-1,26610,MS,Marion
28093,-1,36950,MS,Marshall
28095,-1,37355,MS,Monroe
28097,-1,11297,MS,Montgomery
28099,-1,29399,MS,Neshoba
28101,-1,21965,MS,Newton
28103,-1,11880,MS,Noxubee
28105,-1,46032,MS,Oktibbeha
28107,-1,34813,MS,Panola
28109,13,56053,MS,Pearl River
28111,-1,12316,MS,Perry
28113,-1,40141,MS,Pike
28115,-1,29264,MS,Pontotoc
28117,-1,25370,MS,Prentiss
28119,-1,8723,MS,Quitman
28121,18,136694,MS,Rankin
28123,-1,28175,MS,Scott
28125,-1,5238,MS,Sharkey
28127,-1,27512,MS,Simpson
28129,-1,16462,MS,Smith
28131,-1,16264,MS,Stone
28133,-1,31463,MS,Sunflower
28135,-1,15231,MS,Tallahatchie
28137,-1,27803,MS,Tate
28139,-1,21884,MS,Tippah
28141,-1,19581,MS,Tishomingo
28143,-1,10853,MS,Tunica
28145,-1,26684,MS,Union
28147,-1,15515,MS,Walthall
28149,-1,49163,MS,Warren
28151,-1,53069,MS,Washington
28153,-1,21276,MS,Wayne
28155,-1,10035,MS,Webster
28157,-1,10142,MS,Wilkinson
28159,-1,19606,MS,Winston
28161,-1,13036,MS,Yalobusha
28163,-1,28641,MS,Yazoo
29001,-1,24983,MO,Adair
29003,-1,16834,MO,Andrew
29005,-1,5909,MO,Atchison
29007,-1,25658,MO,Audrain
29009,-1,35844,MO,Barry
29011,-1,12769,MO,Barton
29013,-1,17189,MO,Bates
29015,-1,19025,MO,Benton
29017,-1,12554,MO,Bollinger
29019,18,155666,MO,Boone
29021,-1,87740,MO,Buchanan
29023,-1,42109,MO,Butler
29025,-1,9395,MO,Caldwell
29027,-1,43414,MO,Callaway
29029,-1,42744,MO,Camden
29031,12,73510,MO,Cape Girardeau
29033,-1,9622,MO,Carroll
29035,-1,6117,MO,Carter
29037,12,96845,MO,Cass
29039,-1,14169,MO,Cedar
29041,-1,7900,MO,Chariton
29043,-1,72545,MO,Christian
29045,-1,7212,MO,Clark
29047,30,211179,MO,Clay
29049,-1,20774,MO,Clinton
29051,-1,73977,MO,Cole
29053,-1,17693,MO,Cooper
29055,-1,24689,MO,Crawford
29057,-1,7969,MO,Dade
29059,-1,16953,MO,Dallas
29061,-1,8309,MO,Daviess
29063,-1,12921,MO,DeKalb
29065,-1,15344,MO,Dent
29067,-1,13637,MO,Douglas
29069,-1,32255,MO,Dunklin
29071,14,100265,MO,Franklin
29073,-1,15450,MO,Gasconade
29075,-1,6758,MO,Gentry
29077,75,267576,MO,Greene
29079,-1,10199,MO,Grundy
29081,-1,8951,MO,Harrison
29083,-1,22474,MO,Henry
29085,-1,9594,MO,Hickory
29087,-1,4997,MO,Holt
29089,-1,10079,MO,Howard
29091,-1,39391,MO,Howell
29093,-1,10681,MO,Iron
29095,92,662995,MO,Jackson
29097,12,113754,MO,Jasper
29099,25,214948,MO,Jefferson
29101,-1,51750,MO,Johnson
29103,-1,4152,MO,Knox
29105,-1,35333,MO,Laclede
29107,-1,33186,MO,Lafayette
29109,-1,38323,MO,Lawrence
29111,-1,10286,MO,Lewis
29113,-1,50758,MO,Lincoln
29115,-1,12875,MO,Linn
29117,-1,14852,MO,Livingston
29119,-1,22996,MO,McDonald
29121,-1,15533,MO,Macon
29123,-1,12310,MO,Madison
29125,-1,9281,MO,Maries
29127,-1,28365,MO,Marion
29129,-1,3684,MO,Mercer
29131,-1,24843,MO,Miller
29133,-1,14058,MO,Mississippi
29135,-1,15416,MO,Moniteau
29137,-1,9216,MO,Monroe
29139,-1,12299,MO,Montgomery
29141,-1,20716,MO,Morgan
29143,-1,18780,MO,New Madrid
29145,-1,57470,MO,Newton
29147,-1,22804,MO,Nodaway
29149,-1,10685,MO,Oregon
29151,-1,13648,MO,Osage
29153,-1,9655,MO,Ozark
29155,-1,18788,MO,Pemiscot
29157,-1,18961,MO,Perry
29159,-1,41239,MO,Pettis
29161,-1,44300,MO,Phelps
29163,-1,18588,MO,Pike
29165,-1,85656,MO,Platte
29167,-1,30576,MO,Polk
29169,-1,47357,MO,Pulaski
29171,-1,5047,MO,Putnam
29173,-1,10148,MO,Ralls
29175,-1,25597,MO,Randolph
29177,-1,23712,MO,Ray
29179,-1,6736,MO,Reynolds
29181,-1,14059,MO,Ripley
29183,30,345395,MO,St. Charles
29185,-1,9802,MO,St. Clair
29186,-1,18293,MO,Ste. Genevieve
29187,13,63636,MO,St. Francois
29189,89,999389,MO,St. Louis
29195,-1,23029,MO,Saline
29197,-1,4313,MO,Schuyler
29199,-1,4830,MO,Scotland
29201,-1,39509,MO,Scott
29203,-1,8402,MO,Shannon
29205,-1,6500,MO,Shelby
29207,-1,30253,MO,Stoddard
29209,-1,31966,MO,Stone
29211,-1,6706,MO,Sullivan
29213,-1,48020,MO,Taney
29215,-1,25490,MO,Texas
29217,-1,20746,MO,Vernon
29219,-1,31152,MO,Warren
29221,-1,24856,MO,Washington
29223,-1,13356,MO,Wayne
29225,-1,35477,MO,Webster
29227,-1,2217,MO,Worth
29229,-1,18713,MO,Wright
29510,57,317959,MO,St. Lou
30001,-1,9028,MT,Beaverhead
30003,-1,12549,MT,Big Horn
30005,-1,6472,MT,Blaine
30007,-1,5089,MT,Broadwater
30009,-1,9973,MT,Carbon
30011,-1,1216,MT,Carter
30013,-1,80099,MT,Cascade
30015,-1,5746,MT,Chouteau
30017,-1,11480,MT,Custer
30019,-1,1702,MT,Daniels
30021,-1,8944,MT,Dawson
30023,-1,9264,MT,Deer Lodge
30025,-1,2768,MT,Fallon
30027,-1,11463,MT,Fergus
30029,13,88245,MT,Flathead
30031,-1,86620,MT,Gallatin
30033,-1,1234,MT,Garfield
30035,-1,13179,MT,Glacier
30037,-1,964,MT,Golden Valley
30039,-1,3039,MT,Granite
30041,-1,16031,MT,Hill
30043,-1,11040,MT,Jefferson
30045,-1,2083,MT,Judith Basin
30047,-1,28235,MT,Lake
30049,-1,60646,MT,Lewis and Clark
30051,-1,2236,MT,Liberty
30053,-1,19440,MT,Lincoln
30055,-1,1767,MT,McCone
30057,-1,7560,MT,Madison
30059,-1,1908,MT,Meagher
30061,-1,4156,MT,Mineral
30063,20,106110,MT,Missoula
30065,-1,4394,MT,Musselshell
30067,-1,15828,MT,Park
30069,-1,470,MT,Petroleum
30071,-1,4193,MT,Phillips
30073,-1,6169,MT,Pondera
30075,-1,1761,MT,Powder River
30077,-1,7117,MT,Powell
30079,-1,1083,MT,Prairie
30081,-1,40023,MT,Ravalli
30083,-1,9356,MT,Richland
30085,-1,10166,MT,Roosevelt
30087,-1,9089,MT,Rosebud
30089,-1,11364,MT,Sanders
30091,-1,3469,MT,Sheridan
30093,-1,33489,MT,Silver Bow
30095,-1,8867,MT,Stillwater
30097,-1,3778,MT,Sweet Grass
30099,-1,6143,MT,Teton
30101,-1,4969,MT,Toole
30103,-1,748,MT,Treasure
30105,-1,7332,MT,Valley
30107,-1,2080,MT,Wheatland
30109,-1,1014,MT,Wibaux
30111,20,141518,MT,Yellowstone
31001,-1,30892,NE,Adams
31003,-1,6767,NE,Antelope
31005,-1,457,NE,Arthur
31007,-1,715,NE,Banner
31009,-1,463,NE,Blaine
31011,-1,5582,NE,Boone
31013,-1,11409,NE,Box Butte
31015,-1,2109,NE,Boyd
31017,-1,3225,NE,Brown
31019,-1,45060,NE,Buffalo
31021,-1,6999,NE,Burt
31023,-1,8375,NE,Butler
31025,-1,25256,NE,Cass
31027,-1,8941,NE,Cedar
31029,-1,3913,NE,Chase
31031,-1,5834,NE,Cherry
31033,-1,10139,NE,Cheyenne
31035,-1,6564,NE,Clay
31037,-1,9993,NE,Colfax
31039,-1,9286,NE,Cuming
31041,-1,11005,NE,Custer
31043,-1,20564,NE,Dakota
31045,-1,9181,NE,Dawes
31047,-1,24178,NE,Dawson
31049,-1,1982,NE,Deuel
31051,-1,5993,NE,Dixon
31053,-1,36647,NE,Dodge
31055,36,498743,NE,Douglas
31057,-1,2010,NE,Dundy
31059,-1,5985,NE,Fillmore
31061,-1,3207,NE,Franklin
31063,-1,2860,NE,Frontier
31065,-1,4929,NE,Furnas
31067,-1,22843,NE,Gage
31069,-1,2046,NE,Garden
31071,-1,1977,NE,Garfield
31073,-1,2101,NE,Gosper
31075,-1,660,NE,Grant
31077,-1,2538,NE,Greeley
31079,-1,55742,NE,Hall
31081,-1,9204,NE,Hamilton
31083,-1,3511,NE,Harlan
31085,-1,977,NE,Hayes
31087,-1,2931,NE,Hitchcock
31089,-1,10541,NE,Holt
31091,-1,732,NE,Hooker
31093,-1,6333,NE,Howard
31095,-1,7765,NE,Jefferson
31097,-1,5163,NE,Johnson
31099,-1,6624,NE,Kearney
31101,-1,8423,NE,Keith
31103,-1,857,NE,Keya Paha
31105,-1,3809,NE,Kimball
31107,-1,8862,NE,Knox
31109,16,276012,NE,Lancaster
31111,-1,36011,NE,Lincoln
31113,-1,751,NE,Logan
31115,-1,649,NE,Loup
31117,-1,545,NE,McPherson
31119,-1,34298,NE,Madison
31121,-1,7709,NE,Merrick
31123,-1,5122,NE,Morrill
31125,-1,3766,NE,Nance
31127,-1,7220,NE,Nemaha
31129,-1,4642,NE,Nuckolls
31131,-1,15841,NE,Otoe
31133,-1,2791,NE,Pawnee
31135,-1,3013,NE,Perkins
31137,-1,9222,NE,Phelps
31139,-1,7314,NE,Pierce
31141,-1,31408,NE,Platte
31143,-1,5447,NE,Polk
31145,-1,11053,NE,Red Willow
31147,-1,8480,NE,Richardson
31149,-1,1551,NE,Rock
31151,-1,14069,NE,Saline
31153,-1,148214,NE,Sarpy
31155,-1,20483,NE,Saunders
31157,-1,36338,NE,Scotts Bluff
31159,-1,16490,NE,Seward
31161,-1,5592,NE,Sheridan
31163,-1,3145,NE,Sherman
31165,-1,1404,NE,Sioux
31167,-1,6248,NE,Stanton
31169,-1,5308,NE,Thayer
31171,-1,667,NE,Thomas
31173,-1,6925,NE,Thurston
31175,-1,4327,NE,Valley
31177,-1,20203,NE,Washington
31179,-1,9506,NE,Wayne
31181,-1,3859,NE,Webster
31183,-1,837,NE,Wheeler
31185,-1,14078,NE,York
32001,-1,24961,NV,Churchill
32003,377,1867817,NV,Clark
32005,-1,47166,NV,Douglas
32007,-1,47423,NV,Elko
32009,-1,829,NV,Esmeralda
32011,-1,1683,NV,Eureka
32013,-1,15658,NV,Humboldt
32015,-1,5439,NV,Lander
32017,-1,4859,NV,Lincoln
32019,-1,51725,NV,Lyon
32021,-1,4880,NV,Mineral
32023,-1,44279,NV,Nye
32027,-1,6715,NV,Pershing
32029,-1,4000,NV,Storey
32031,85,408724,NV,Washoe
32033,-1,9626,NV,White Pine
32510,-1,55288,NV,Cars
33001,15,60109,NH,Belknap
33003,13,47829,NH,Carroll
33005,-1,77745,NH,Cheshire
33007,-1,33751,NH,Coos
33009,12,87764,NH,Grafton
33011,56,398843,NH,Hillsborough
33013,22,147024,NH,Merrimack
33015,44,294132,NH,Rockingham
33017,11,121735,NH,Strafford
33019,-1,43608,NH,Sullivan
34001,34,272303,NJ,Atlantic
34003,67,890817,NJ,Bergen
34005,35,447560,NJ,Burlington
34007,103,513546,NJ,Camden
34009,-1,97686,NJ,Cape May
34011,11,154489,NJ,Cumberland
34013,64,778996,NJ,Essex
34015,49,284086,NJ,Gloucester
34017,36,613637,NJ,Hudson
34019,-1,128568,NJ,Hunterdon
34021,32,363088,NJ,Mercer
34023,54,792137,NJ,Middlesex
34025,50,626644,NJ,Monmouth
34027,23,488355,NJ,Morris
34029,62,565356,NJ,Ocean
34031,30,492886,NJ,Passaic
34033,11,65864,NJ,Salem
34035,13,317128,NJ,Somerset
34037,-1,150600,NJ,Sussex
34039,28,524960,NJ,Union
34041,-1,109179,NJ,Warren
35001,189,638978,NM,Bernalillo
35003,-1,3638,NM,Catron
35005,12,63587,NM,Chaves
35006,-1,27258,NM,Cibola
35007,-1,13933,NM,Colfax
35009,-1,46588,NM,Curry
35011,-1,1995,NM,DeBaca
35013,30,197853,NM,Dona Ana
35015,13,51923,NM,Eddy
35017,-1,29841,NM,Grant
35019,-1,4759,NM,Guadalupe
35021,-1,732,NM,Harding
35023,-1,5005,NM,Hidalgo
35025,14,61058,NM,Lea
35027,-1,20442,NM,Lincoln
35028,-1,18281,NM,Los Alamos
35029,-1,25328,NM,Luna
35031,-1,69959,NM,McKinley
35033,-1,4964,NM,Mora
35035,12,62466,NM,Otero
35037,-1,8996,NM,Quay
35039,20,40268,NM,Rio Arriba
35041,-1,19359,NM,Roosevelt
35043,19,120401,NM,Sandoval
35045,22,126149,NM,San Juan
35047,-1,29259,NM,San Miguel
35049,31,140210,NM,Santa Fe
35051,-1,11812,NM,Sierra
35053,-1,17995,NM,Socorro
35055,10,32485,NM,Taos
35057,-1,16559,NM,Torrance
35059,-1,4286,NM,Union
35061,24,73703,NM,Valencia
36001,36,303858,NY,Albany
36003,-1,49079,NY,Allegany
36005,173,1354056,NY,Bronx
36007,12,200877,NY,Broome
36009,-1,81056,NY,Cattaraugus
36011,-1,80629,NY,Cayuga
36013,16,135481,NY,Chautauqua
36015,-1,88634,NY,Chemung
36017,-1,51463,NY,Chenango
36019,-1,82556,NY,Clinton
36021,-1,63430,NY,Columbia
36023,-1,49624,NY,Cortland
36025,-1,48450,NY,Delaware
36027,32,295319,NY,Dutchess
36029,74,921887,NY,Erie
36031,-1,39373,NY,Essex
36033,-1,51782,NY,Franklin
36035,-1,55489,NY,Fulton
36037,-1,59930,NY,Genesee
36039,-1,49537,NY,Greene
36041,-1,4969,NY,Hamilton
36043,-1,64343,NY,Herkimer
36045,-1,115059,NY,Jefferson
36047,216,2441324,NY,Kings
36049,-1,27086,NY,Lewis
36051,-1,65460,NY,Livingston
36053,-1,72709,NY,Madison
36055,65,739249,NY,Monroe
36057,-1,49798,NY,Montgomery
36059,126,1322048,NY,Nassau
36061,155,1581402,NY,New York
36063,14,215791,NY,Niagara
36065,18,234488,NY,Oneida
36067,40,461287,NY,Onondaga
36069,-1,105216,NY,Ontario
36071,27,368464,NY,Orange
36073,-1,43342,NY,Orleans
36075,17,122213,NY,Oswego
36077,-1,62914,NY,Otsego
36079,-1,99454,NY,Putnam
36081,158,2177351,NY,Queens
36083,-1,158243,NY,Rensselaer
36085,51,459642,NY,Richmond
36087,-1,301668,NY,Rockland
36089,-1,111586,NY,St. Lawrence
36091,13,215798,NY,Saratoga
36093,-1,152275,NY,Schenectady
36095,-1,32894,NY,Schoharie
36097,-1,18707,NY,Schuyler
36099,-1,35469,NY,Seneca
36101,13,98541,NY,Steuben
36103,183,1475255,NY,Suffolk
36105,11,77991,NY,Sullivan
36107,-1,51565,NY,Tioga
36109,-1,99910,NY,Tompkins
36111,23,182818,NY,Ulster
36113,-1,65740,NY,Warren
36115,-1,63054,NY,Washington
36117,-1,93539,NY,Wayne
36119,79,933414,NY,Westchester
36121,-1,42515,NY,Wyoming
36123,-1,25234,NY,Yates
37001,15,144712,NC,Alamance
37003,-1,36609,NC,Alexander
37005,-1,11061,NC,Alleghany
37007,-1,26664,NC,Anson
37009,-1,26506,NC,Ashe
37011,-1,17949,NC,Avery
37013,-1,46702,NC,Beaufort
37015,-1,20927,NC,Bertie
37017,-1,34285,NC,Bladen
37019,10,99008,NC,Brunswick
37021,32,230766,NC,Buncombe
37023,26,90146,NC,Burke
37025,19,165717,NC,Cabarrus
37027,16,81588,NC,Caldwell
37029,-1,9570,NC,Camden
37031,10,64258,NC,Carteret
37033,-1,23914,NC,Caswell
37035,31,152448,NC,Catawba
37037,-1,60054,NC,Chatham
37039,10,27350,NC,Cherokee
37041,-1,14953,NC,Chowan
37043,-1,10356,NC,Clay
37045,12,97524,NC,Cleveland
37047,10,55964,NC,Columbus
37049,10,97825,NC,Craven
37051,25,308284,NC,Cumberland
37053,-1,23216,NC,Currituck
37055,-1,33541,NC,Dare
37057,21,159126,NC,Davidson
37059,-1,40260,NC,Davie
37061,-1,55610,NC,Duplin
37063,23,252796,NC,Durham
37065,-1,55911,NC,Edgecombe
37067,37,338638,NC,Forsyth
37069,-1,57174,NC,Franklin
37071,49,200377,NC,Gaston
37073,-1,12042,NC,Gates
37075,-1,8583,NC,Graham
37077,-1,57356,NC,Granville
37079,-1,21178,NC,Greene
37081,50,468466,NC,Guilford
37083,-1,55616,NC,Halifax
37085,11,105770,NC,Harnett
37087,-1,58386,NC,Haywood
37089,13,102270,NC,Henderson
37091,-1,24240,NC,Hertford
37093,-1,42496,NC,Hoke
37095,-1,5639,NC,Hyde
37097,26,151944,NC,Iredell
37099,-1,38404,NC,Jackson
37101,10,155695,NC,Johnston
37103,-1,10035,NC,Jones
37105,-1,54106,NC,Lee
37107,-1,59072,NC,Lenoir
37109,11,74139,NC,Lincoln
37111,17,44345,NC,McDowell
37113,-1,33164,NC,Macon
37115,-1,20420,NC,Madison
37117,-1,24391,NC,Martin
37119,55,862177,NC,Mecklenburg
37121,-1,15746,NC,Mitchell
37123,-1,27490,NC,Montgomery
37125,-1,84795,NC,Moore
37127,-1,93733,NC,Nash
37129,28,194339,NC,New Hanover
37131,-1,22293,NC,Northampton
37133,18,163256,NC,Onslow
37135,15,127193,NC,Orange
37137,-1,13013,NC,Pamlico
37139,-1,40049,NC,Pasquotank
37141,-1,49181,NC,Pender
37143,-1,12901,NC,Perquimans
37145,-1,38656,NC,Person
37147,-1,157479,NC,Pitt
37149,-1,20145,NC,Polk
37151,25,138855,NC,Randolph
37153,-1,46390,NC,Richmond
37155,-1,130453,NC,Robeson
37157,21,93164,NC,Rockingham
37159,20,135626,NC,Rowan
37161,17,66305,NC,Rutherford
37163,11,62539,NC,Sampson
37165,-1,36399,NC,Scotland
37167,14,59849,NC,Stanly
37169,-1,47079,NC,Stokes
37171,-1,73027,NC,Surry
37173,-1,13819,NC,Swain
37175,-1,32061,NC,Transylvania
37177,-1,4402,NC,Tyrrell
37179,-1,184782,NC,Union
37181,10,44676,NC,Vance
37183,60,821607,NC,Wake
37185,-1,20724,NC,Warren
37187,-1,13176,NC,Washington
37189,-1,48765,NC,Watauga
37191,12,118942,NC,Wayne
37193,21,68966,NC,Wilkes
37195,-1,78474,NC,Wilson
37197,-1,37965,NC,Yadkin
37199,-1,18000,NC,Yancey
38001,-1,2362,ND,Adams
38003,-1,11057,ND,Barnes
38005,-1,6683,ND,Benson
38007,-1,762,ND,Billings
38009,-1,6428,ND,Bottineau
38011,-1,3050,ND,Bowman
38013,-1,1933,ND,Burke
38015,-1,77473,ND,Burleigh
38017,-1,141316,ND,Cass
38019,-1,4056,ND,Cavalier
38021,-1,5412,ND,Dickey
38023,-1,2041,ND,Divide
38025,-1,3429,ND,Dunn
38027,-1,2503,ND,Eddy
38029,-1,3640,ND,Emmons
38031,-1,3500,ND,Foster
38033,-1,1670,ND,Golden Valley
38035,-1,66333,ND,Grand Forks
38037,-1,2478,ND,Grant
38039,-1,2430,ND,Griggs
38041,-1,2524,ND,Hettinger
38043,-1,2450,ND,Kidder
38045,-1,4320,ND,LaMoure
38047,-1,2023,ND,Logan
38049,-1,5370,ND,McHenry
38051,-1,2966,ND,McIntosh
38053,-1,5812,ND,McKenzie
38055,-1,8811,ND,McLean
38057,-1,8351,ND,Mercer
38059,-1,26310,ND,Morton
38061,-1,6991,ND,Mountrail
38063,-1,3222,ND,Nelson
38065,-1,1865,ND,Oliver
38067,-1,7585,ND,Pembina
38069,-1,4368,ND,Pierce
38071,-1,11320,ND,Ramsey
38073,-1,5766,ND,Ransom
38075,-1,2415,ND,Renville
38077,-1,16659,ND,Richland
38079,-1,13679,ND,Rolette
38081,-1,4057,ND,Sargent
38083,-1,1406,ND,Sheridan
38085,-1,4094,ND,Sioux
38087,-1,711,ND,Slope
38089,-1,23176,ND,Stark
38091,-1,1985,ND,Steele
38093,-1,20876,ND,Stutsman
38095,-1,2320,ND,Towner
38097,-1,8318,ND,Traill
38099,-1,11355,ND,Walsh
38101,-1,58297,ND,Ward
38103,-1,4317,ND,Wells
38105,-1,20547,ND,Williams
39001,-1,28538,OH,Adams
39003,-1,106717,OH,Allen
39005,-1,53544,OH,Ashland
39007,-1,102156,OH,Ashtabula
39009,16,64102,OH,Athens
39011,-1,45977,OH,Auglaize
39013,-1,70430,OH,Belmont
39015,10,44490,OH,Brown
39017,54,361192,OH,Butler
39019,-1,29062,OH,Carroll
39021,-1,40127,OH,Champaign
39023,22,139829,OH,Clark
39025,45,194346,OH,Clermont
39027,-1,42576,OH,Clinton
39029,10,109153,OH,Columbiana
39031,-1,37184,OH,Coshocton
39033,12,44634,OH,Crawford
39035,155,1301540,OH,Cuyahoga
39037,-1,52996,OH,Darke
39039,-1,39123,OH,Defiance
39041,12,161796,OH,Delaware
39043,-1,77668,OH,Erie
39045,16,142915,OH,Fairfield
39047,-1,28908,OH,Fayette
39049,211,1127174,OH,Franklin
39051,-1,42800,OH,Fulton
39053,-1,30977,OH,Gallia
39055,-1,93742,OH,Geauga
39057,22,159055,OH,Greene
39059,-1,40531,OH,Guernsey
39061,111,801815,OH,Hamilton
39063,-1,74712,OH,Hancock
39065,-1,32132,OH,Hardin
39067,-1,15901,OH,Harrison
39069,-1,28671,OH,Henry
39071,-1,43845,OH,Highland
39073,11,29418,OH,Hocking
39075,-1,41826,OH,Holmes
39077,-1,60086,OH,Huron
39079,-1,33144,OH,Jackson
39081,-1,70114,OH,Jefferson
39083,-1,59843,OH,Knox
39085,31,228930,OH,Lake
39087,-1,62748,OH,Lawrence
39089,16,162375,OH,Licking
39091,-1,46154,OH,Logan
39093,22,298609,OH,Lorain
39095,89,445482,OH,Lucas
39097,11,42392,OH,Madison
39099,31,243453,OH,Mahoning
39101,-1,66487,OH,Marion
39103,-1,168775,OH,Medina
39105,-1,23612,OH,Meigs
39107,-1,41055,OH,Mercer
39109,15,102130,OH,Miami
39111,-1,14774,OH,Monroe
39113,141,540667,OH,Montgomery
39115,-1,15175,OH,Morgan
39117,-1,34937,OH,Morrow
39119,-1,85939,OH,Muskingum
39121,-1,14614,OH,Noble
39123,-1,41690,OH,Ottawa
39125,-1,19735,OH,Paulding
39127,-1,35582,OH,Perry
39129,-1,55044,OH,Pickaway
39131,-1,28645,OH,Pike
39133,12,159148,OH,Portage
39135,-1,42561,OH,Preble
39137,-1,34752,OH,Putnam
39139,13,126995,OH,Richland
39141,21,77419,OH,Ross
39143,-1,61571,OH,Sandusky
39145,21,78775,OH,Scioto
39147,-1,57289,OH,Seneca
39149,-1,49284,OH,Shelby
39151,28,376877,OH,Stark
39153,78,544275,OH,Summit
39155,67,214296,OH,Trumbull
39157,-1,92511,OH,Tuscarawas
39159,-1,49906,OH,Union
39161,-1,29182,OH,Van Wert
39163,-1,13566,OH,Vinton
39165,21,205258,OH,Warren
39167,-1,62253,OH,Washington
39169,-1,114224,OH,Wayne
39171,-1,38532,OH,Williams
39173,-1,125285,OH,Wood
39175,-1,22716,OH,Wyandot
40001,-1,22345,OK,Adair
40003,-1,5618,OK,Alfalfa
40005,-1,14118,OK,Atoka
40007,-1,5571,OK,Beaver
40009,-1,21855,OK,Beckham
40011,-1,12010,OK,Blaine
40013,-1,40350,OK,Bryan
40015,-1,27932,OK,Caddo
40017,12,106804,OK,Canadian
40019,-1,46582,OK,Carter
40021,10,45546,OK,Cherokee
40023,-1,15210,OK,Choctaw
40025,-1,2530,OK,Cimarron
40027,32,241409,OK,Cleveland
40029,-1,5718,OK,Coal
40031,18,119534,OK,Comanche
40033,-1,6280,OK,Cotton
40035,-1,14978,OK,Craig
40037,14,68292,OK,Creek
40039,-1,26356,OK,Custer
40041,-1,40984,OK,Delaware
40043,-1,4660,OK,Dewey
40045,-1,3982,OK,Ellis
40047,-1,58153,OK,Garfield
40049,-1,27399,OK,Garvin
40051,-1,50931,OK,Grady
40053,-1,4633,OK,Grant
40055,-1,6160,OK,Greer
40057,-1,2829,OK,Harmon
40059,-1,3522,OK,Harper
40061,-1,12411,OK,Haskell
40063,-1,13456,OK,Hughes
40065,-1,26335,OK,Jackson
40067,-1,6385,OK,Jefferson
40069,-1,10779,OK,Johnston
40071,-1,46461,OK,Kay
40073,-1,14705,OK,Kingfisher
40075,-1,9543,OK,Kiowa
40077,-1,10875,OK,Latimer
40079,12,49589,OK,Le Flore
40081,-1,33636,OK,Lincoln
40083,-1,38709,OK,Logan
40085,-1,9252,OK,Love
40087,-1,32470,OK,McClain
40089,12,33128,OK,McCurtain
40091,-1,19952,OK,McIntosh
40093,-1,7465,OK,Major
40095,-1,15318,OK,Marshall
40097,-1,40569,OK,Mayes
40099,-1,12966,OK,Murray
40101,15,70119,OK,Muskogee
40103,-1,11460,OK,Noble
40105,-1,10771,OK,Nowata
40107,-1,11981,OK,Okfuskee
40109,139,695706,OK,Oklahoma
40111,-1,39552,OK,Okmulgee
40113,-1,47185,OK,Osage
40115,-1,32441,OK,Ottawa
40117,-1,16611,OK,Pawnee
40119,-1,74164,OK,Payne
40121,-1,45062,OK,Pittsburg
40123,-1,36157,OK,Pontotoc
40125,15,68698,OK,Pottawatomie
40127,-1,11468,OK,Pushmataha
40129,-1,3438,OK,Roger Mills
40131,13,84030,OK,Rogers
40133,-1,25030,OK,Seminole
40135,-1,41560,OK,Sequoyah
40137,10,44196,OK,Stephens
40139,-1,19258,OK,Texas
40141,-1,8271,OK,Tillman
40143,146,582094,OK,Tulsa
40145,20,68677,OK,Wagoner
40147,-1,50038,OK,Washington
40149,-1,11555,OK,Washita
40151,-1,8593,OK,Woods
40153,-1,19939,OK,Woodward
41001,-1,16139,OR,Baker
41003,-1,83718,OR,Benton
41005,38,366808,OR,Clackamas
41007,-1,36818,OR,Clatsop
41009,-1,48898,OR,Columbia
41011,11,63420,OR,Coos
41013,-1,21818,OR,Crook
41015,-1,22447,OR,Curry
41017,16,152633,OR,Deschutes
41019,19,107057,OR,Douglas
41021,-1,1816,OR,Gilliam
41023,-1,7267,OR,Grant
41025,-1,7327,OR,Harney
41027,-1,21276,OR,Hood River
41029,19,199152,OR,Jackson
41031,-1,21861,OR,Jefferson
41033,21,81746,OR,Josephine
41035,-1,66767,OR,Klamath
41037,-1,7880,OR,Lake
41039,49,344844,OR,Lane
41041,-1,45798,OR,Lincoln
41043,12,112932,OR,Linn
41045,-1,31434,OR,Malheur
41047,35,306964,OR,Marion
41049,-1,11048,OR,Morrow
41051,163,697799,OR,Multnomah
41053,11,72791,OR,Polk
41055,-1,1713,OR,Sherman
41057,-1,25243,OR,Tillamook
41059,10,74269,OR,Umatilla
41061,-1,25263,OR,Union
41063,-1,6884,OR,Wallowa
41065,-1,24451,OR,Wasco
41067,46,508842,OR,Washington
41069,-1,1419,OR,Wheeler
41071,-1,95875,OR,Yamhill
42001,-1,100502,PA,Adams
42003,205,1222482,PA,Allegheny
42005,-1,69845,PA,Armstrong
42007,22,172161,PA,Beaver
42009,-1,49889,PA,Bedford
42011,43,405223,PA,Berks
42013,17,127048,PA,Blair
42015,-1,62343,PA,Bradford
42017,80,621336,PA,Bucks
42019,19,181690,PA,Butler
42021,39,145283,PA,Cambria
42023,-1,5274,PA,Cameron
42025,-1,64339,PA,Carbon
42027,11,149498,PA,Centre
42029,45,486156,PA,Chester
42031,-1,40399,PA,Clarion
42033,10,82558,PA,Clearfield
42035,-1,38859,PA,Clinton
42037,-1,66196,PA,Columbia
42039,14,89544,PA,Crawford
42041,23,228718,PA,Cumberland
42043,25,263096,PA,Dauphin
42045,109,554916,PA,Delaware
42047,-1,32833,PA,Elk
42049,32,278573,PA,Erie
42051,20,140159,PA,Fayette
42053,-1,7512,PA,Forest
42055,16,144840,PA,Franklin
42057,-1,14900,PA,Fulton
42059,-1,39096,PA,Greene
42061,-1,45802,PA,Huntingdon
42063,-1,88520,PA,Indiana
42065,-1,45335,PA,Jefferson
42067,-1,24238,PA,Juniata
42069,38,213513,PA,Lackawanna
42071,42,506639,PA,Lancaster
42073,13,92007,PA,Lawrence
42075,-1,130182,PA,Lebanon
42077,35,340848,PA,Lehigh
42079,57,318232,PA,Luzerne
42081,-1,116524,PA,Lycoming
42083,-1,44045,PA,Mc Kean
42085,26,117794,PA,Mercer
42087,-1,46551,PA,Mifflin
42089,25,167352,PA,Monroe
42091,81,785170,PA,Montgomery
42093,-1,18107,PA,Montour
42095,32,293212,PA,Northampton
42097,-1,93728,PA,Northumberland
42099,-1,45454,PA,Perry
42101,357,1493309,PA,Philadelphia
42103,-1,56627,PA,Pike
42105,-1,17659,PA,Potter
42107,26,148387,PA,Schuylkill
42109,-1,39295,PA,Snyder
42111,-1,78490,PA,Somerset
42113,-1,6525,PA,Sullivan
42115,-1,43310,PA,Susquehanna
42117,-1,41371,PA,Tioga
42119,-1,44846,PA,Union
42121,-1,55510,PA,Venango
42123,-1,41963,PA,Warren
42125,21,206259,PA,Washington
42127,-1,52341,PA,Wayne
42129,55,366318,PA,Westmoreland
42131,-1,28287,PA,Wyoming
42133,46,424919,PA,York
44001,-1,50914,RI,Bristol
44003,21,167515,RI,Kent
44005,-1,82881,RI,Newport
44007,86,629110,RI,Providence
44009,19,126895,RI,Washington
45001,-1,25745,SC,Abbeville
45003,21,154814,SC,Aiken
45005,-1,10787,SC,Allendale
45007,27,181543,SC,Anderson
45009,-1,16226,SC,Bamberg
45011,-1,22851,SC,Barnwell
45013,12,151411,SC,Beaufort
45015,12,164913,SC,Berkeley
45017,-1,15260,SC,Calhoun
45019,49,337147,SC,Charleston
45021,-1,54467,SC,Cherokee
45023,-1,33247,SC,Chester
45025,10,45708,SC,Chesterfield
45027,-1,34250,SC,Clarendon
45029,-1,38765,SC,Colleton
45031,-1,68489,SC,Darlington
45033,-1,31433,SC,Dillon
45035,-1,126324,SC,Dorchester
45037,-1,26493,SC,Edgefield
45039,-1,23917,SC,Fairfield
45041,-1,133757,SC,Florence
45043,14,60277,SC,Georgetown
45045,82,427970,SC,Greenville
45047,-1,68198,SC,Greenwood
45049,-1,21295,SC,Hampton
45051,33,252464,SC,Horry
45053,-1,22971,SC,Jasper
45055,-1,59380,SC,Kershaw
45057,-1,69504,SC,Lancaster
45059,10,67172,SC,Laurens
45061,-1,19836,SC,Lee
45063,35,246461,SC,Lexington
45065,-1,10162,SC,McCormick
45067,-1,33842,SC,Marion
45069,-1,29221,SC,Marlboro
45071,-1,37061,SC,Newberry
45073,19,72407,SC,Oconee
45075,-1,92626,SC,Orangeburg
45077,23,116815,SC,Pickens
45079,25,366111,SC,Richland
45081,-1,19417,SC,Saluda
45083,48,274215,SC,Spartanburg
45085,-1,106014,SC,Sumter
45087,-1,29060,SC,Union
45089,-1,35444,SC,Williamsburg
45091,20,208640,SC,York
46003,-1,2745,SD,Aurora
46005,-1,16489,SD,Beadle
46007,-1,3466,SD,Bennett
46009,-1,7060,SD,Bon Homme
46011,-1,30831,SD,Brookings
46013,-1,35821,SD,Brown
46015,-1,5079,SD,Brule
46017,-1,1937,SD,Buffalo
46019,-1,9817,SD,Butte
46021,-1,1474,SD,Campbell
46023,-1,9034,SD,Charles Mix
46025,-1,3711,SD,Clark
46027,-1,13785,SD,Clay
46029,-1,27036,SD,Codington
46031,-1,4118,SD,Corson
46033,-1,8028,SD,Custer
46035,-1,19351,SD,Davison
46037,-1,5752,SD,Day
46039,-1,4344,SD,Deuel
46041,-1,5402,SD,Dewey
46043,-1,3080,SD,Douglas
46045,-1,4026,SD,Edmunds
46047,-1,7083,SD,Fall River
46049,-1,2406,SD,Faulk
46051,-1,7401,SD,Grant
46053,-1,4267,SD,Gregory
46055,-1,1957,SD,Haakon
46057,-1,5696,SD,Hamlin
46059,-1,3389,SD,Hand
46061,-1,3417,SD,Hanson
46063,-1,1274,SD,Harding
46065,-1,16788,SD,Hughes
46067,-1,7436,SD,Hutchinson
46069,-1,1467,SD,Hyde
46071,-1,3008,SD,Jackson
46073,-1,2006,SD,Jerauld
46075,-1,1014,SD,Jones
46077,-1,5177,SD,Kingsbury
46079,-1,10920,SD,Lake
46081,-1,23543,SD,Lawrence
46083,-1,39260,SD,Lincoln
46085,-1,3765,SD,Lyman
46087,-1,5699,SD,McCook
46089,-1,2518,SD,McPherson
46091,-1,4591,SD,Marshall
46093,-1,24995,SD,Meade
46095,-1,2040,SD,Mellette
46097,-1,2420,SD,Miner
46099,13,163577,SD,Minnehaha
46101,-1,6570,SD,Moody
46103,-1,95895,SD,Pennington
46105,-1,2963,SD,Perkins
46107,-1,2351,SD,Potter
46109,-1,9986,SD,Roberts
46111,-1,2395,SD,Sanborn
46113,-1,13345,SD,Shannon
46115,-1,6562,SD,Spink
46117,-1,2886,SD,Stanley
46119,-1,1436,SD,Sully
46121,-1,9631,SD,Todd
46123,-1,5800,SD,Tripp
46125,-1,8407,SD,Turner
46127,-1,13672,SD,Union
46129,-1,5379,SD,Walworth
46135,-1,22064,SD,Yankton
46137,-1,2781,SD,Ziebach
47001,10,73580,TN,Anderson
47003,-1,43678,TN,Bedford
47005,-1,16490,TN,Benton
47007,-1,13028,TN,Bledsoe
47009,26,119950,TN,Blount
47011,25,96336,TN,Bradley
47013,13,40480,TN,Campbell
47015,-1,13435,TN,Cannon
47017,-1,28793,TN,Carroll
47019,15,57781,TN,Carter
47021,-1,38637,TN,Cheatham
47023,-1,16622,TN,Chester
47025,-1,31729,TN,Claiborne
47027,-1,7901,TN,Clay
47029,-1,35272,TN,Cocke
47031,-1,52022,TN,Coffee
47033,-1,14491,TN,Crockett
47035,-1,54534,TN,Cumberland
47037,90,605031,TN,Davidson
47039,-1,11721,TN,Decatur
47041,-1,18414,TN,DeKalb
47043,-1,48287,TN,Dickson
47045,-1,38077,TN,Dyer
47047,-1,36953,TN,Fayette
47049,-1,17599,TN,Fentress
47051,-1,41151,TN,Franklin
47053,-1,48474,TN,Gibson
47055,-1,29494,TN,Giles
47057,-1,22309,TN,Grainger
47059,15,67840,TN,Greene
47061,-1,14048,TN,Grundy
47063,23,61592,TN,Hamblen
47065,37,324784,TN,Hamilton
47067,-1,6816,TN,Hancock
47069,-1,27835,TN,Hardeman
47071,-1,25983,TN,Hardin
47073,14,56380,TN,Hawkins
47075,-1,19142,TN,Haywood
47077,-1,27370,TN,Henderson
47079,-1,31833,TN,Henry
47081,-1,24490,TN,Hickman
47083,-1,8219,TN,Houston
47085,-1,18405,TN,Humphreys
47087,-1,11391,TN,Jackson
47089,17,50184,TN,Jefferson
47091,-1,18212,TN,Johnson
47093,99,419096,TN,Knox
47095,-1,7846,TN,Lake
47097,-1,27703,TN,Lauderdale
47099,16,41072,TN,Lawrence
47101,-1,11961,TN,Lewis
47103,-1,32563,TN,Lincoln
47105,-1,46294,TN,Loudon
47107,12,51912,TN,McMinn
47109,-1,25541,TN,McNairy
47111,-1,21693,TN,Macon
47113,-1,97021,TN,Madison
47115,-1,28074,TN,Marion
47117,-1,29494,TN,Marshall
47119,-1,77857,TN,Maury
47121,-1,11436,TN,Meigs
47123,-1,43735,TN,Monroe
47125,17,160642,TN,Montgomery
47127,-1,6210,TN,Moore
47129,-1,21601,TN,Morgan
47131,-1,31972,TN,Obion
47133,-1,21683,TN,Overton
47135,-1,7692,TN,Perry
47137,-1,5053,TN,Pickett
47139,-1,16599,TN,Polk
47141,12,69468,TN,Putnam
47143,-1,30769,TN,Rhea
47145,-1,54129,TN,Roane
47147,-1,63143,TN,Robertson
47149,28,243953,TN,Rutherford
47151,-1,22179,TN,Scott
47153,-1,13650,TN,Sequatchie
47155,16,86284,TN,Sevier
47157,118,921119,TN,Shelby
47159,-1,18905,TN,Smith
47161,-1,12997,TN,Stewart
47163,27,155367,TN,Sullivan
47165,13,152949,TN,Sumner
47167,-1,58866,TN,Tipton
47169,-1,7694,TN,Trousdale
47171,-1,18205,TN,Unicoi
47173,-1,19041,TN,Union
47175,-1,5480,TN,Van Buren
47177,13,39365,TN,Warren
47179,24,117833,TN,Washington
47181,-1,16991,TN,Wayne
47183,-1,34256,TN,Weakley
47185,-1,25250,TN,White
47187,-1,169534,TN,Williamson
47189,12,106757,TN,Wilson
48001,-1,57870,TX,Anderson
48003,-1,13513,TX,Andrews
48005,-1,84518,TX,Angelina
48007,-1,23172,TX,Aransas
48009,-1,9026,TX,Archer
48011,-1,1936,TX,Armstrong
48013,-1,43611,TX,Atascosa
48015,-1,27454,TX,Austin
48017,-1,6927,TX,Bailey
48019,-1,20254,TX,Bandera
48021,-1,71348,TX,Bastrop
48023,-1,3905,TX,Baylor
48025,-1,31936,TX,Bee
48027,12,287752,TX,Bell
48029,121,1615210,TX,Bexar
48031,-1,9835,TX,Blanco
48033,-1,597,TX,Borden
48035,-1,18077,TX,Bosque
48037,-1,90456,TX,Bowie
48039,25,293296,TX,Brazoria
48041,-1,179472,TX,Brazos
48043,-1,8843,TX,Brewster
48045,-1,1647,TX,Briscoe
48047,-1,7413,TX,Brooks
48049,-1,38221,TX,Brown
48051,-1,16982,TX,Burleson
48053,-1,42026,TX,Burnet
48055,-1,36906,TX,Caldwell
48057,-1,20888,TX,Calhoun
48059,-1,13418,TX,Callahan
48061,14,386306,TX,Cameron
48063,-1,12253,TX,Camp
48065,-1,6361,TX,Carson
48067,-1,30176,TX,Cass
48069,-1,7737,TX,Castro
48071,-1,30714,TX,Chambers
48073,-1,49669,TX,Cherokee
48075,-1,7148,TX,Childress
48077,-1,11051,TX,Clay
48079,-1,3194,TX,Cochran
48081,-1,3375,TX,Coke
48083,-1,8774,TX,Coleman
48085,31,714330,TX,Collin
48087,-1,2973,TX,Collingsworth
48089,-1,20648,TX,Colorado
48091,-1,99540,TX,Comal
48093,-1,13775,TX,Comanche
48095,-1,4018,TX,Concho
48097,-1,38252,TX,Cooke
48099,-1,73324,TX,Coryell
48101,-1,1513,TX,Cottle
48103,-1,3976,TX,Crane
48105,-1,3759,TX,Crockett
48107,-1,6262,TX,Crosby
48109,-1,2536,TX,Culberson
48111,-1,6336,TX,Dallam
48113,227,2291891,TX,Dallas
48115,-1,13865,TX,Dawson
48117,-1,18916,TX,Deaf Smith
48119,-1,5199,TX,Delta
48121,33,609001,TX,Denton
48123,-1,19961,TX,DeWitt
48125,-1,2461,TX,Dickens
48127,-1,9845,TX,Dimmit
48129,-1,3806,TX,Donley
48131,-1,12097,TX,Duval
48133,-1,18636,TX,Eastland
48135,22,130459,TX,Ector
48137,-1,2062,TX,Edwards
48139,-1,139988,TX,Ellis
48141,54,755578,TX,El Paso
48143,-1,36678,TX,Erath
48145,-1,17712,TX,Falls
48147,-1,33644,TX,Fannin
48149,-1,23898,TX,Fayette
48151,-1,4080,TX,Fisher
48153,-1,6683,TX,Floyd
48155,-1,1383,TX,Foard
48157,22,516564,TX,Fort Bend
48159,-1,10799,TX,Franklin
48161,-1,19162,TX,Freestone
48163,-1,16776,TX,Frio
48165,-1,16187,TX,Gaines
48167,58,283770,TX,Galveston
48169,-1,6049,TX,Garza
48171,-1,23787,TX,Gillespie
48173,-1,1164,TX,Glasscock
48175,-1,7142,TX,Goliad
48177,-1,19512,TX,Gonzales
48179,-1,22438,TX,Gray
48181,12,118331,TX,Grayson
48183,14,118260,TX,Gregg
48185,-1,26046,TX,Grimes
48187,-1,117667,TX,Guadalupe
48189,-1,36080,TX,Hale
48191,-1,3440,TX,Hall
48193,-1,8452,TX,Hamilton
48195,-1,5365,TX,Hansford
48197,-1,4296,TX,Hardeman
48199,11,52446,TX,Hardin
48201,502,3863344,TX,Harris
48203,-1,63661,TX,Harrison
48205,-1,6047,TX,Hartley
48207,-1,5802,TX,Haskell
48209,10,140480,TX,Hays
48211,-1,3538,TX,Hemphill
48213,-1,78178,TX,Henderson
48215,19,715264,TX,Hidalgo
48217,-1,34650,TX,Hill
48219,-1,22844,TX,Hockley
48221,-1,48870,TX,Hood
48223,-1,34331,TX,Hopkins
48225,-1,23641,TX,Houston
48227,-1,33817,TX,Howard
48229,-1,3462,TX,Hudspeth
48231,10,84351,TX,Hunt
48233,-1,22138,TX,Hutchinson
48235,-1,1609,TX,Irion
48237,-1,9068,TX,Jack
48239,-1,13857,TX,Jackson
48241,-1,35069,TX,Jasper
48243,-1,2277,TX,Jeff Davis
48245,30,247629,TX,Jefferson
48247,-1,5131,TX,Jim Hogg
48249,-1,40654,TX,Jim Wells
48251,10,145123,TX,Johnson
48253,-1,20102,TX,Jones
48255,-1,14900,TX,Karnes
48257,-1,95694,TX,Kaufman
48259,-1,30330,TX,Kendall
48261,-1,415,TX,Kenedy
48263,-1,788,TX,Kent
48265,-1,48352,TX,Kerr
48267,-1,4518,TX,Kimble
48269,-1,284,TX,King
48271,-1,3546,TX,Kinney
48273,-1,31370,TX,Kleberg
48275,-1,3721,TX,Knox
48277,-1,49387,TX,Lamar
48279,-1,14270,TX,Lamb
48281,-1,19728,TX,Lampasas
48283,-1,6675,TX,La Salle
48285,-1,19238,TX,Lavaca
48287,-1,16421,TX,Lee
48289,-1,16390,TX,Leon
48291,23,74515,TX,Liberty
48293,-1,23090,TX,Limestone
48295,-1,3178,TX,Lipscomb
48297,-1,11528,TX,Live Oak
48299,-1,18935,TX,Llano
48301,-1,79,TX,Loving
48303,15,265215,TX,Lubbock
48305,-1,5989,TX,Lynn
48307,-1,8105,TX,McCulloch
48309,15,226741,TX,McLennan
48311,-1,773,TX,McMullen
48313,-1,13353,TX,Madison
48315,-1,10951,TX,Marion
48317,-1,4494,TX,Martin
48319,-1,3897,TX,Mason
48321,-1,36452,TX,Matagorda
48323,-1,51367,TX,Maverick
48325,-1,44577,TX,Medina
48327,-1,2176,TX,Menard
48329,12,128954,TX,Midland
48331,-1,24946,TX,Milam
48333,-1,4871,TX,Mills
48335,-1,9339,TX,Mitchell
48337,-1,19822,TX,Montague
48339,67,411416,TX,Montgomery
48341,-1,20469,TX,Moore
48343,-1,13251,TX,Morris
48345,-1,1228,TX,Motley
48347,-1,62274,TX,Nacogdoches
48349,-1,47272,TX,Navarro
48351,-1,14335,TX,Newton
48353,-1,14750,TX,Nolan
48355,45,330512,TX,Nueces
48357,-1,9812,TX,Ochiltree
48359,-1,1992,TX,Oldham
48361,24,82255,TX,Orange
48363,-1,27679,TX,Palo Pinto
48365,-1,23351,TX,Panola
48367,-1,109408,TX,Parker
48369,-1,10075,TX,Parmer
48371,-1,15321,TX,Pecos
48373,-1,45727,TX,Polk
48375,-1,119537,TX,Potter
48377,-1,7712,TX,Presidio
48379,-1,10994,TX,Rains
48381,11,114782,TX,Randall
48383,-1,3260,TX,Reagan
48385,-1,3308,TX,Real
48387,-1,13072,TX,Red River
48389,-1,13039,TX,Reeves
48391,-1,7414,TX,Refugio
48393,-1,887,TX,Roberts
48395,-1,16546,TX,Robertson
48397,-1,70851,TX,Rockwall
48399,-1,10506,TX,Runnels
48401,-1,51278,TX,Rusk
48403,-1,10541,TX,Sabine
48405,-1,9048,TX,San Augustine
48407,-1,25719,TX,San Jacinto
48409,14,66723,TX,San Patricio
48411,-1,5985,TX,San Saba
48413,-1,3198,TX,Schleicher
48415,-1,16431,TX,Scurry
48417,-1,3357,TX,Shackelford
48419,-1,25433,TX,Shelby
48421,-1,2969,TX,Sherman
48423,20,199953,TX,Smith
48425,-1,7996,TX,Somervell
48427,-1,59529,TX,Starr
48429,-1,9513,TX,Stephens
48431,-1,1152,TX,Sterling
48433,-1,1439,TX,Stonewall
48435,-1,4314,TX,Sutton
48437,-1,7855,TX,Swisher
48439,148,1707157,TX,Tarrant
48441,11,128503,TX,Taylor
48443,-1,886,TX,Terrell
48445,-1,12424,TX,Terry
48447,-1,1653,TX,Throckmorton
48449,-1,30231,TX,Titus
48451,10,106680,TX,Tom Green
48453,99,955399,TX,Travis
48455,-1,14425,TX,Trinity
48457,-1,21279,TX,Tyler
48459,-1,38275,TX,Upshur
48461,-1,3123,TX,Upton
48463,-1,26217,TX,Uvalde
48465,-1,47676,TX,Val Verde
48467,10,52151,TX,Van Zandt
48469,-1,85261,TX,Victoria
48471,-1,65517,TX,Walker
48473,-1,39809,TX,Waller
48475,-1,10275,TX,Ward
48477,-1,32434,TX,Washington
48479,18,234594,TX,Webb
48481,-1,40845,TX,Wharton
48483,-1,5138,TX,Wheeler
48485,19,130564,TX,Wichita
48487,-1,13746,TX,Wilbarger
48489,-1,21576,TX,Willacy
48491,23,373723,TX,Williamson
48493,-1,40354,TX,Wilson
48495,-1,6775,TX,Winkler
48497,-1,57247,TX,Wise
48499,-1,41414,TX,Wood
48501,-1,7588,TX,Yoakum
48503,-1,18135,TX,Young
48505,-1,13388,TX,Zapata
48507,-1,11657,TX,Zavala
49001,-1,6266,UT,Beaver
49003,10,47193,UT,Box Elder
49005,13,103624,UT,Cache
49007,10,20554,UT,Carbon
49009,-1,974,UT,Daggett
49011,49,288236,UT,Davis
49013,-1,16651,UT,Duchesne
49015,-1,10566,UT,Emery
49017,-1,4850,UT,Garfield
49019,-1,8838,UT,Grand
49021,10,43645,UT,Iron
49023,-1,9607,UT,Juab
49025,-1,6778,UT,Kane
49027,-1,11954,UT,Millard
49029,-1,8771,UT,Morgan
49031,-1,1419,UT,Piute
49033,-1,2124,UT,Rich
49035,218,983719,UT,Salt Lake
49037,-1,14028,UT,San Juan
49039,-1,25846,UT,Sanpete
49041,-1,20236,UT,Sevier
49043,-1,34647,UT,Summit
49045,12,53821,UT,Tooele
49047,-1,29920,UT,Uintah
49049,78,469574,UT,Utah
49051,-1,21413,UT,Wasatch
49053,17,132277,UT,Washington
49055,-1,2648,UT,Wayne
49057,55,217567,UT,Weber
50001,-1,36886,VT,Addison
50003,-1,37077,VT,Bennington
50005,-1,31238,VT,Caledonia
50007,14,153625,VT,Chittenden
50009,-1,6421,VT,Essex
50011,-1,47455,VT,Franklin
50013,-1,7152,VT,Grand Isle
50015,-1,23778,VT,Lamoille
50017,-1,29119,VT,Orange
50019,-1,27332,VT,Orleans
50021,14,62618,VT,Rutland
50023,-1,59275,VT,Washington
50025,-1,44444,VT,Windham
50027,-1,57061,VT,Windsor
51001,-1,34553,VA,Accomack
51003,-1,95009,VA,Albemarle
51005,-1,16530,VA,Alleghany
51007,-1,12447,VA,Amelia
51009,-1,32203,VA,Amherst
51011,-1,14425,VA,Appomattox
51013,12,190759,VA,Arlington
51015,-1,73041,VA,Augusta
51017,-1,4835,VA,Bath
51019,-1,67392,VA,Bedford
51021,-1,6930,VA,Bland
51023,-1,32681,VA,Botetourt
51025,-1,17823,VA,Brunswick
51027,-1,24670,VA,Buchanan
51029,-1,16737,VA,Buckingham
51031,-1,53769,VA,Campbell
51033,-1,27592,VA,Caroline
51035,-1,29933,VA,Carroll
51036,-1,7148,VA,Charles City
51037,-1,12680,VA,Charlotte
51041,20,304636,VA,Chesterfield
51043,-1,13969,VA,Clarke
51045,-1,5212,VA,Craig
51047,-1,45527,VA,Culpeper
51049,-1,9762,VA,Cumberland
51051,12,15971,VA,Dickenson
51053,-1,27078,VA,Dinwiddie
51057,-1,10739,VA,Essex
51059,64,1027727,VA,Fairfax
51061,13,64122,VA,Fauquier
51063,-1,14823,VA,Floyd
51065,-1,25134,VA,Fluvanna
51067,-1,54447,VA,Franklin
51069,-1,74670,VA,Frederick
51071,-1,17138,VA,Giles
51073,-1,36466,VA,Gloucester
51075,-1,20869,VA,Goochland
51077,-1,16066,VA,Grayson
51079,-1,17972,VA,Greene
51081,-1,12147,VA,Greensville
51083,-1,36338,VA,Halifax
51085,-1,98830,VA,Hanover
51087,18,296408,VA,Henrico
51089,-1,55284,VA,Henry
51091,-1,2424,VA,Highland
51093,-1,34581,VA,Isle of Wight
51095,-1,63007,VA,James City
51097,-1,6948,VA,King and Queen
51099,-1,22444,VA,King George
51101,-1,15296,VA,King William
51103,-1,11573,VA,Lancaster
51105,-1,25322,VA,Lee
51107,13,279704,VA,Loudoun
51109,-1,31716,VA,Louisa
51111,-1,13024,VA,Lunenburg
51113,-1,13429,VA,Madison
51115,-1,9026,VA,Mathews
51117,-1,32823,VA,Mecklenburg
51119,-1,10763,VA,Middlesex
51121,12,91548,VA,Montgomery
51125,-1,14993,VA,Nelson
51127,-1,17254,VA,New Kent
51131,-1,12649,VA,Northampton
51133,-1,12466,VA,Northumberland
51135,-1,15799,VA,Nottoway
51137,-1,32273,VA,Orange
51139,-1,24222,VA,Page
51141,-1,18748,VA,Patrick
51143,-1,62803,VA,Pittsylvania
51145,-1,27599,VA,Powhatan
51147,-1,22293,VA,Prince Edward
51149,-1,34466,VA,Prince George
51153,19,368016,VA,Prince William
51155,13,35058,VA,Pulaski
51157,-1,7403,VA,Rappahannock
51159,-1,9426,VA,Richmond
51161,11,91120,VA,Roanoke
51163,-1,22228,VA,Rockbridge
51165,-1,74274,VA,Rockingham
51167,11,28889,VA,Russell
51169,-1,23302,VA,Scott
51171,-1,41214,VA,Shenandoah
51173,-1,32449,VA,Smyth
51175,-1,18571,VA,Southampton
51177,-1,119083,VA,Spotsylvania
51179,12,122526,VA,Stafford
51181,-1,7042,VA,Surry
51183,-1,12191,VA,Sussex
51185,12,44169,VA,Tazewell
51187,-1,36814,VA,Warren
51191,-1,54216,VA,Washington
51193,-1,17127,VA,Westmoreland
51195,26,41543,VA,Wise
51197,-1,28827,VA,Wythe
51199,-1,64710,VA,York
51510,-1,129175,VA,Alexandr
51515,-1,6169,VA,Bedfo
51520,-1,17540,VA,Brist
51530,-1,6618,VA,Buena Vis
51540,-1,41538,VA,Charlottesvil
51550,24,217450,VA,Chesapea
51560,Missing,Missing,VA,Clifton For
51570,-1,17462,VA,Colonial Heigh
51580,-1,6057,VA,Covingt
51590,-1,44162,VA,Danvil
51595,-1,5755,VA,Empor
51600,-1,21682,VA,Fairf
51610,-1,10947,VA,Falls Chur
51620,-1,8611,VA,Frankl
51630,-1,22898,VA,Fredericksbu
51640,-1,6880,VA,Gal
51650,-1,140222,VA,Hampt
51660,-1,46551,VA,Harrisonbu
51670,-1,22549,VA,Hopewe
51678,-1,6956,VA,Lexingt
51680,-1,72869,VA,Lynchbu
51683,-1,34969,VA,Manass
51685,-1,12677,VA,Manassas Pa
51690,-1,14042,VA,Martinsvil
51700,11,182528,VA,Newport Ne
51710,45,241248,VA,Norfo
51720,-1,3869,VA,Nort
51730,-1,32318,VA,Petersbu
51735,-1,12089,VA,Poquos
51740,11,97831,VA,Portsmou
51750,-1,16341,VA,Radfo
51760,37,200201,VA,Richmo
51770,11,94916,VA,Roano
51775,-1,24482,VA,Sal
51790,-1,23920,VA,Staunt
51800,-1,81273,VA,Suffo
51810,44,434732,VA,Virginia Bea
51820,-1,20747,VA,Waynesbo
51830,-1,13142,VA,Williamsbu
51840,-1,25701,VA,Winchest
53001,-1,17413,WA,Adams
53003,-1,21188,WA,Asotin
53005,21,161669,WA,Benton
53007,-1,70214,WA,Chelan
53009,26,70186,WA,Clallam
53011,60,408820,WA,Clark
53013,-1,3897,WA,Columbia
53015,19,100744,WA,Cowlitz
53017,-1,36503,WA,Douglas
53019,-1,7430,WA,Ferry
53021,-1,67586,WA,Franklin
53023,-1,2203,WA,Garfield
53025,14,82645,WA,Grant
53027,11,71827,WA,Grays Harbor
53029,-1,78726,WA,Island
53031,-1,29346,WA,Jefferson
53033,259,1847986,WA,King
53035,33,244105,WA,Kitsap
53037,-1,39158,WA,Kittitas
53039,-1,19898,WA,Klickitat
53041,15,74229,WA,Lewis
53043,-1,10509,WA,Lincoln
53045,-1,58679,WA,Mason
53047,-1,39676,WA,Okanogan
53049,-1,21415,WA,Pacific
53051,-1,12828,WA,Pend Oreille
53053,125,772484,WA,Pierce
53055,-1,15400,WA,San Juan
53057,14,114066,WA,Skagit
53059,-1,10786,WA,Skamania
53061,109,683997,WA,Snohomish
53063,109,456150,WA,Spokane
53065,-1,43059,WA,Stevens
53067,25,237772,WA,Thurston
53069,-1,3975,WA,Wahkiakum
53071,-1,56840,WA,Walla Walla
53073,16,192837,WA,Whatcom
53075,-1,42608,WA,Whitman
53077,25,232733,WA,Yakima
54001,-1,16036,WV,Barbour
54003,16,99132,WV,Berkeley
54005,-1,25115,WV,Boone
54007,-1,14585,WV,Braxton
54009,-1,24235,WV,Brooke
54011,40,95059,WV,Cabell
54013,-1,7588,WV,Calhoun
54015,-1,9696,WV,Clay
54017,-1,7970,WV,Doddridge
54019,16,46243,WV,Fayette
54021,-1,8248,WV,Gilmer
54023,-1,11969,WV,Grant
54025,-1,35354,WV,Greenbrier
54027,-1,23492,WV,Hampshire
54029,11,30887,WV,Hancock
54031,-1,13807,WV,Hardy
54033,15,67940,WV,Harrison
54035,-1,29089,WV,Jackson
54037,15,51264,WV,Jefferson
54039,27,192354,WV,Kanawha
54041,-1,16360,WV,Lewis
54043,-1,21953,WV,Lincoln
54045,19,36443,WV,Logan
54047,18,22746,WV,McDowell
54049,14,56445,WV,Marion
54051,-1,33583,WV,Marshall
54053,11,26738,WV,Mason
54055,25,61615,WV,Mercer
54057,-1,27532,WV,Mineral
54059,10,27145,WV,Mingo
54061,-1,90764,WV,Monongalia
54063,-1,13452,WV,Monroe
54065,-1,17410,WV,Morgan
54067,-1,26130,WV,Nicholas
54069,-1,44714,WV,Ohio
54071,-1,7792,WV,Pendleton
54073,-1,7698,WV,Pleasants
54075,-1,8851,WV,Pocahontas
54077,-1,32743,WV,Preston
54079,-1,54669,WV,Putnam
54081,22,78323,WV,Raleigh
54083,-1,29113,WV,Randolph
54085,-1,10558,WV,Ritchie
54087,-1,15215,WV,Roane
54089,-1,13842,WV,Summers
54091,-1,16640,WV,Taylor
54093,-1,7117,WV,Tucker
54095,-1,9423,WV,Tyler
54097,-1,23851,WV,Upshur
54099,-1,42727,WV,Wayne
54101,-1,9260,WV,Webster
54103,-1,16764,WV,Wetzel
54105,-1,5806,WV,Wirt
54107,-1,86489,WV,Wood
54109,14,24078,WV,Wyoming
55001,-1,21156,WI,Adams
55003,-1,16199,WI,Ashland
55005,-1,45874,WI,Barron
55007,-1,15255,WI,Bayfield
55009,22,242691,WI,Brown
55011,-1,13885,WI,Buffalo
55013,-1,15965,WI,Burnett
55015,-1,47188,WI,Calumet
55017,-1,61022,WI,Chippewa
55019,-1,34435,WI,Clark
55021,-1,56197,WI,Columbia
55023,-1,16924,WI,Crawford
55025,44,471644,WI,Dane
55027,10,89007,WI,Dodge
55029,-1,27957,WI,Door
55031,-1,43710,WI,Douglas
55033,-1,43148,WI,Dunn
55035,-1,96632,WI,Eau Claire
55037,-1,4682,WI,Florence
55039,-1,100520,WI,Fond du Lac
55041,-1,9639,WI,Forest
55043,-1,50544,WI,Grant
55045,-1,36234,WI,Green
55047,-1,19144,WI,Green Lake
55049,-1,23636,WI,Iowa
55051,-1,6170,WI,Iron
55053,-1,20227,WI,Jackson
55055,-1,82276,WI,Jefferson
55057,-1,26755,WI,Juneau
55059,35,163223,WI,Kenosha
55061,-1,20694,WI,Kewaunee
55063,13,111798,WI,La Crosse
55065,-1,16670,WI,Lafayette
55067,-1,20379,WI,Langlade
55069,-1,29272,WI,Lincoln
55071,10,81872,WI,Manitowoc
55073,-1,131773,WI,Marathon
55075,-1,42190,WI,Marinette
55077,-1,15395,WI,Marquette
55078,-1,4293,WI,Menominee
55079,190,931453,WI,Milwaukee
55081,-1,43729,WI,Monroe
55083,-1,37805,WI,Oconto
55085,-1,36553,WI,Oneida
55087,-1,173180,WI,Outagamie
55089,-1,85597,WI,Ozaukee
55091,-1,7557,WI,Pepin
55093,-1,40238,WI,Pierce
55095,-1,44318,WI,Polk
55097,10,69133,WI,Portage
55099,-1,14561,WI,Price
55101,19,194395,WI,Racine
55103,-1,18428,WI,Richland
55105,27,159912,WI,Rock
55107,-1,14890,WI,Rusk
55109,-1,81708,WI,St. Croix
55111,-1,60389,WI,Sauk
55113,-1,16674,WI,Sawyer
55115,-1,41829,WI,Shawano
55117,11,115178,WI,Sheboygan
55119,-1,20473,WI,Taylor
55121,-1,28396,WI,Trempealeau
55123,-1,29313,WI,Vernon
55125,-1,21997,WI,Vilas
55127,14,101449,WI,Walworth
55129,-1,16038,WI,Washburn
55131,14,129203,WI,Washington
55133,36,384239,WI,Waukesha
55135,-1,52677,WI,Waupaca
55137,-1,24686,WI,Waushara
55139,26,164037,WI,Winnebago
55141,-1,74465,WI,Wood
56001,-1,33858,WY,Albany
56003,-1,11350,WY,Big Horn
56005,-1,41651,WY,Campbell
56007,-1,15494,WY,Carbon
56009,-1,13071,WY,Converse
56011,-1,6617,WY,Crook
56013,-1,38132,WY,Fremont
56015,-1,12620,WY,Goshen
56017,-1,4647,WY,Hot Springs
56019,-1,8146,WY,Johnson
56021,18,87654,WY,Laramie
56023,-1,17013,WY,Lincoln
56025,-1,72365,WY,Natrona
56027,-1,2407,WY,Niobrara
56029,-1,27209,WY,Park
56031,-1,8682,WY,Platte
56033,-1,27845,WY,Sheridan
56035,-1,8800,WY,Sublette
56037,-1,41470,WY,Sweetwater
56039,-1,20472,WY,Teton
56041,-1,20171,WY,Uinta
56043,-1,8169,WY,Washakie
56045,-1,7033,WY,Weston
